order_date,order_code,cust_code,cust_name,ship_to_plant_code,raw_ship_to_plant_code,zone_code,proj_code,update_date
2025-01-01,1,THOM06,THOMAS BENNETT & HUNTER INC,UNKNOWN,,TBH,,2025-02-07 14:00:04
2025-01-02,1,HENS01,HENSON & SON INC,UNKNOWN,,0,,2024-12-27 12:01:54
2025-01-02,2,HENS01,HENSON & SON INC,UNKNOWN,,0,,2025-01-02 08:19:56
2025-01-02,3,FOLA01,"FOLAND, H FRANK & SON INC",UNKNOWN,,0,475,2025-02-07 14:00:04
2025-01-02,4,GEES01,GRC GENERAL CONTRACTOR INC,UNKNOWN,,0,75,2025-01-02 06:20:19
2025-01-02,5,HENS01,HENSON & SON INC,UNKNOWN,,0,,2025-01-02 10:22:16
2025-01-02,6,PLOT01,"PLOTNER, ALLEN W",UNKNOWN,,WV,,2025-01-13 09:49:57
2025-01-02,7,BERK01,BERKEL & CO CONTRACTORS INC,UNKNOWN,,0,6,2025-02-07 14:00:04
2025-01-02,8,C3W,"MACHIESKY, JAMIE",UNKNOWN,,0,,2025-02-07 14:00:04
2025-01-02,9,NVRI01,NVR INC,UNKNOWN,,PA3,84,2025-02-07 14:00:04
2025-01-02,10,NVRI01,NVR INC,UNKNOWN,,WV,71,2025-02-07 14:00:04
2025-01-02,11,NVRI01,NVR INC,UNKNOWN,,PA3,84,2025-01-02 07:37:32
2025-01-02,12,FRAN05,FRANKLIN BUILDERS INC.,UNKNOWN,,PA6,53,2025-02-07 14:00:05
2025-01-02,13,NVRI01,NVR INC,UNKNOWN,,PA,87,2024-12-31 14:02:41
2025-01-02,14,JSCC01,JSC CONCRETE CONSTRUCTION INC.,UNKNOWN,,WV,,2025-01-02 08:01:01
2025-01-02,15,JSCC01,JSC CONCRETE CONSTRUCTION INC.,UNKNOWN,,WV,,2025-02-07 14:00:05
2025-01-02,16,JSCC01,JSC CONCRETE CONSTRUCTION INC.,UNKNOWN,,WV,,2025-02-07 14:00:05
2025-01-02,17,WALT02,WALT'S PRECISION CONCRETE LLC,UNKNOWN,,WV,,2025-02-07 14:00:05
2025-01-02,18,VILL01,VILLAGE CONCRETE INC,UNKNOWN,,WV,,2025-01-02 10:08:11
2025-01-02,19,REIS01,"REISBERG, M JAY & SON INC",UNKNOWN,,0,,2025-02-07 14:00:05
2025-01-02,20,C1M,DAN-LAR STAIRWAY & ELEVATOR,UNKNOWN,,MAR,,2025-02-07 14:00:05
2025-01-02,21,C1M,SPECK CONTRACTING,UNKNOWN,,WV,,2025-02-07 14:00:05
2025-01-02,22,JSCC01,JSC CONCRETE CONSTRUCTION INC.,UNKNOWN,,WV,,2025-01-02 12:07:18
2025-01-02,23,HENR05,"HENRY, JAMES",UNKNOWN,,WV,,2025-02-07 14:00:05
2025-01-02,24,SANB02,"SANBORN, D L CONCRETE CONSTR INC",UNKNOWN,,0,8,2025-02-07 14:00:05
2025-01-02,25,JC2001,JC 2017,UNKNOWN,,WV,,2025-02-07 14:00:05
2025-01-02,26,HENT01,HENTZMAN CONTRACTING LLC,UNKNOWN,,0,,2025-02-07 14:00:05
2025-01-02,27,SANB02,"SANBORN, D L CONCRETE CONSTR INC",UNKNOWN,,0,8,2025-01-02 07:00:10
2025-01-02,28,ABCI01,"ASSOCIATED BRIGHAM CONTRACTORS, INC.",UNKNOWN,,WV,1,2025-02-07 14:00:05
2025-01-02,29,C1F,"SELLARS,BRIAN",UNKNOWN,,0,,2025-01-02 09:05:31
2025-01-02,30,BUST01,"BUSTAMANTE, L & E CONCRETE CO INC",UNKNOWN,,PA,3,2025-02-07 14:00:05
2025-01-02,31,NVRI01,NVR INC,UNKNOWN,,WV,71,2025-02-07 14:00:06
2025-01-02,32,BART01,BARTLEY CORPORATION,UNKNOWN,,0,,2024-12-31 11:11:47
2025-01-02,33,AXIS01,AXIS CONCRETE CONSTRUCTION,UNKNOWN,,0,,2025-02-07 14:00:06
2025-01-02,34,FOLA01,"FOLAND, H FRANK & SON INC",UNKNOWN,,0,,2025-01-02 09:54:17
2025-01-02,35,JCSI01,JCS COMMUNICATIONS INC,UNKNOWN,,0,,2025-02-07 14:00:06
2025-01-02,36,KIBL01,KIBLER CONSTRUCTION CO INC,UNKNOWN,,0,39,2025-02-07 14:00:06
2025-01-02,37,LONG02,LONG FENCE CO,UNKNOWN,,WV,,2025-02-07 14:00:06
2025-01-02,38,KIRB02,KIRBY'S CUSTOM CONCRETE LLC,UNKNOWN,,WV,,2025-01-02 05:58:47
2025-01-02,39,C3M,AAOS,UNKNOWN,,VA3,,2025-02-07 14:00:06
2025-01-02,40,MTLA01,M T LANEY CO INC,UNKNOWN,,0,,2025-02-07 14:00:06
2025-01-02,41,C1F,CASH CUSTOMER FRM,UNKNOWN,,0,,2025-01-02 13:50:31
2025-01-02,42,FOLA01,"FOLAND, H FRANK & SON INC",UNKNOWN,,0,,2025-02-07 14:00:06
2025-01-02,43,ILAP01,"ILA PROPERTIES, INC.",UNKNOWN,,WV,,2025-02-07 14:00:06
2025-01-02,44,C2F,"RAMIREZ, EDER",UNKNOWN,,0,,2025-02-07 14:00:06
2025-01-02,45,AXIS01,AXIS CONCRETE CONSTRUCTION,UNKNOWN,,0,3,2025-01-02 06:47:56
2025-01-02,46,FOLA01,"FOLAND, H FRANK & SON INC",UNKNOWN,,WV,,2025-02-07 14:00:06
2025-01-02,47,FOUR05,FOUR POINTS CONSTRUCTION CO. [WV],UNKNOWN,,WV,,2025-02-07 14:00:06
2025-01-02,48,JSCC01,JSC CONCRETE CONSTRUCTION INC.,UNKNOWN,,CHA,,2025-02-07 14:00:06
2025-01-02,49,BRAN01,BRANDENBURG ELECTRIC INC,UNKNOWN,,0,,2025-02-07 14:00:06
2025-01-02,50,CAGG,CASH AGGREGATE SALES,UNKNOWN,,40,,2025-02-07 14:00:06
2025-01-02,51,HENS01,HENSON & SON INC,UNKNOWN,,0,,2025-02-07 14:00:06
2025-01-02,52,FOLA01,"FOLAND, H FRANK & SON INC",UNKNOWN,,0,,2025-02-07 14:00:06
2025-01-02,53,RICK01,RICKELL CONSTRUCTION LLC,UNKNOWN,,40,,2025-02-07 14:00:06
2025-01-02,54,FOLA01,"FOLAND, H FRANK & SON INC",UNKNOWN,,0,,2025-02-07 14:00:06
2025-01-03,1,MIMC01,MIM CONSTRUCTION INC.,UNKNOWN,,0,24,2025-01-03 10:34:42
2025-01-03,2,FOLA01,"FOLAND, H FRANK & SON INC",UNKNOWN,,0,475,2025-01-30 09:00:53
2025-01-03,3,GEES01,GRC GENERAL CONTRACTOR INC,UNKNOWN,,0,75,2025-02-07 14:00:06
2025-01-03,4,HENS01,HENSON & SON INC,UNKNOWN,,0,,2025-02-03 09:02:15
2025-01-03,5,HENS01,HENSON & SON INC,UNKNOWN,,0,,2025-02-07 14:00:07
2025-01-03,6,BERK01,BERKEL & CO CONTRACTORS INC,UNKNOWN,,0,6,2025-02-07 14:00:07
2025-01-03,7,NVRI01,NVR INC,UNKNOWN,,PA,87,2025-01-03 10:38:59
2025-01-03,8,NVRI01,NVR INC,UNKNOWN,,PA,87,2025-01-03 10:41:54
2025-01-03,9,NVRI01,NVR INC,UNKNOWN,,WV,71,2025-02-07 14:00:07
2025-01-03,10,NVRI01,NVR INC,UNKNOWN,,PA3,84,2025-02-07 14:00:07
2025-01-03,11,EDGE01,EDGEWOOD ENTERPRISES LLC,UNKNOWN,,0,63,2025-02-07 14:00:07
2025-01-03,12,BART01,BARTLEY CORPORATION,UNKNOWN,,0,28,2025-02-07 14:00:07
2025-01-03,13,JSCC01,JSC CONCRETE CONSTRUCTION INC.,UNKNOWN,,WV,,2024-12-30 10:02:44
2025-01-03,14,JSCC01,JSC CONCRETE CONSTRUCTION INC.,UNKNOWN,,WV,,2025-02-07 14:00:07
2025-01-03,15,C3M,HAYSLETTE CONSTRUCTION,UNKNOWN,,WV,,2025-02-07 14:00:07
2025-01-03,16,C3M,"PETRY, JOHN",UNKNOWN,,WV5,,2025-08-18 06:59:12
2025-01-03,17,JSCC01,JSC CONCRETE CONSTRUCTION INC.,UNKNOWN,,WV,,2025-01-03 09:07:47
2025-01-03,18,JSCC01,JSC CONCRETE CONSTRUCTION INC.,UNKNOWN,,WV,,2025-02-07 14:00:07
2025-01-03,19,PLOT01,"PLOTNER, ALLEN W",UNKNOWN,,SHE,,2025-02-07 14:00:08
2025-01-03,20,LOPE01,"LOPEZ, LUKE",UNKNOWN,,WV,,2025-02-07 14:00:08
2025-01-03,21,NVRI01,NVR INC,UNKNOWN,,PA3,84,2024-12-31 14:03:16
2025-01-03,22,HENR05,"HENRY, JAMES",UNKNOWN,,WV,,2025-02-07 14:00:08
2025-01-03,23,FOLA01,"FOLAND, H FRANK & SON INC",UNKNOWN,,5,472,2025-01-07 07:09:15
2025-01-03,24,JLSC01,"JLS CONSTRUCTION, LLC",UNKNOWN,,WV,,2025-02-07 14:00:08
2025-01-03,25,NVRI01,NVR INC,UNKNOWN,,WV,71,2025-02-07 14:00:08
2025-01-03,26,NVRI01,NVR INC,UNKNOWN,,WV,43,2025-02-07 14:00:08
2025-01-03,27,PANH01,PANHANDLE BUILDERS & EXCAVATORS INC,UNKNOWN,,WV,,2025-02-07 14:00:08
2025-01-03,28,C1H,T.W. SMITH & SONS,UNKNOWN,,0,,2025-02-07 14:00:08
2025-01-03,29,NORT02,NORTH STAR FOUNDATIONS INC,UNKNOWN,,WV,,2025-02-07 14:00:08
2025-01-03,30,C3W,FAIRVIEW MASONRY,UNKNOWN,,0,,2025-02-07 14:00:08
2025-01-03,31,C3M,KEHNE MASONRY,UNKNOWN,,WV,,2025-02-07 14:00:08
2025-01-03,32,OLEA01,O'LEARY ASPHALT INC,UNKNOWN,,0,,2025-01-02 15:07:08
2025-01-03,33,NVRI01,NVR INC,UNKNOWN,,WV,71,2025-02-07 14:00:08
2025-01-03,34,NVRI01,NVR INC,UNKNOWN,,WV,71,2025-02-07 14:00:08
2025-01-03,35,NVRI01,NVR INC,UNKNOWN,,WV,71,2024-12-31 14:20:44
2025-01-03,36,NVRI01,NVR INC,UNKNOWN,,WV,71,2025-02-07 14:00:08
2025-01-03,37,ATKS01,ATK SERVICES INC,UNKNOWN,,0,,2025-02-07 14:00:09
2025-01-03,38,BART01,BARTLEY CORPORATION,UNKNOWN,,0,,2025-02-07 14:00:09
2025-01-03,39,JC2001,JC 2017,UNKNOWN,,WV,,2025-02-07 14:00:09
2025-01-03,40,NVRI01,NVR INC,UNKNOWN,,PA,87,2025-02-07 14:00:09
2025-01-03,41,FOLA01,"FOLAND, H FRANK & SON INC",UNKNOWN,,0,,2025-04-08 10:06:27
2025-01-03,42,GEES01,GRC GENERAL CONTRACTOR INC,UNKNOWN,,0,76,2025-02-07 14:00:09
2025-01-03,43,KIRB02,KIRBY'S CUSTOM CONCRETE LLC,UNKNOWN,,WV,,2025-01-02 11:00:37
2025-01-03,44,C2F,PRIME MASONRY,UNKNOWN,,0,,2025-01-03 13:12:52
2025-01-03,45,KING08,"KING BRYANT, INC.",UNKNOWN,,0,,2025-01-02 12:51:16
2025-01-03,46,AXIS01,AXIS CONCRETE CONSTRUCTION,UNKNOWN,,0,3,2025-01-02 13:44:17
2025-01-03,47,PWII01,P W I INCORPORATED,UNKNOWN,,0,15,2025-02-07 14:00:09
2025-01-03,48,FOLA01,"FOLAND, H FRANK & SON INC",UNKNOWN,,0,,2025-01-28 06:02:58
2025-01-03,49,KIBL01,KIBLER CONSTRUCTION CO INC,UNKNOWN,,0,39,2025-02-07 14:00:09
2025-01-03,50,SANB02,"SANBORN, D L CONCRETE CONSTR INC",UNKNOWN,,0,8,2025-02-07 14:00:09
2025-01-03,51,JSCC01,JSC CONCRETE CONSTRUCTION INC.,UNKNOWN,,WV,,2025-02-07 14:00:09
2025-01-03,52,JSCC01,JSC CONCRETE CONSTRUCTION INC.,UNKNOWN,,WV,,2025-01-02 12:06:41
2025-01-03,53,C3W,LYNCH & SON CONCRETE,UNKNOWN,,4,,2025-02-07 14:00:09
2025-01-03,54,JSCC01,JSC CONCRETE CONSTRUCTION INC.,UNKNOWN,,WV,,2025-02-07 14:00:09
2025-01-03,55,MORG01,MORGAN-KELLER INC,UNKNOWN,,0,580,2025-02-07 14:00:09
2025-01-03,56,C2M,"DUVALL, KEVIN",UNKNOWN,,WV,,2025-02-07 14:00:09
2025-01-03,57,C1F,"SELLARS,BRIAN",UNKNOWN,,0,,2025-02-07 14:00:09
2025-01-03,58,JBCO02,JB CONCRETE [LOLO],UNKNOWN,,WV,,2025-02-07 14:00:10
2025-01-03,59,ARCO02,ARCON,UNKNOWN,,WV,1,2025-02-07 14:00:10
2025-01-03,60,C3M,COUNTRY ROADS CONTRACTING,UNKNOWN,,WV,,2025-02-07 14:00:10
2025-01-03,61,HUNT05,HUNTLAKE LLC,UNKNOWN,,0,,2025-02-07 14:00:10
2025-01-03,62,JC2001,JC 2017,UNKNOWN,,WV,,2025-02-07 14:00:10
2025-01-03,63,JSCC01,JSC CONCRETE CONSTRUCTION INC.,UNKNOWN,,WV,,2025-02-07 14:00:10
2025-01-03,64,PANH01,PANHANDLE BUILDERS & EXCAVATORS INC,UNKNOWN,,WV,,2025-02-07 14:00:10
2025-01-03,65,PANH01,PANHANDLE BUILDERS & EXCAVATORS INC,UNKNOWN,,WV,,2025-02-07 14:00:10
2025-01-03,66,FOLA01,"FOLAND, H FRANK & SON INC",UNKNOWN,,0,,2025-02-07 14:00:10
2025-01-03,67,STAR02,"STAR CONCRETE FOUNDATIONS, INC",UNKNOWN,,MAR,6,2025-02-07 14:00:10
2025-01-03,68,TREJ01,TREJO BROTHERS CONSTRUCTION LLP,UNKNOWN,,PA,,2025-02-07 14:00:10
2025-01-03,69,FRAN05,FRANKLIN BUILDERS INC.,UNKNOWN,,PA6,53,2025-02-07 14:00:10
2025-01-03,70,C1F,CASH CUSTOMER FRM,UNKNOWN,,0,,2025-01-03 14:49:28
2025-01-03,71,POOL09,POOLE'S STONE & GARDEN INC,UNKNOWN,,0,,2025-02-07 14:00:10
2025-01-03,72,BARL01,BARLOW CONCRETE CONSTR CO INC,UNKNOWN,,0,,2025-02-07 14:00:10
2025-01-03,73,C3W,LEGACY SEPTIC,UNKNOWN,,0,,2025-02-07 14:00:10
2025-01-03,74,ILAP01,"ILA PROPERTIES, INC.",UNKNOWN,,WV,,2025-01-03 10:54:44
2025-01-03,75,FOLA01,"FOLAND, H FRANK & SON INC",UNKNOWN,,0,,2025-02-07 14:00:11
2025-01-03,76,C2CO01,C2 CONCRETE LLC,UNKNOWN,,PA4,,2025-02-07 14:00:11
2025-01-03,77,FRAN05,FRANKLIN BUILDERS INC.,UNKNOWN,,0,56,2025-02-07 14:00:11
2025-01-03,78,INTH01,IN THE DOG HOUSE,UNKNOWN,,0,,2025-02-07 14:00:11
2025-01-03,79,DOMI01,"DOMINGUEZ CONSTRUCTION, INC.",UNKNOWN,,40,9,2025-02-07 14:00:11
2025-01-03,80,FOLA01,"FOLAND, H FRANK & SON INC",UNKNOWN,,0,,2025-02-07 14:00:11
2025-01-03,81,CAGG,CASH AGGREGATE SALES,UNKNOWN,,40,,2025-02-07 14:00:11
2025-01-03,82,FOLA01,"FOLAND, H FRANK & SON INC",UNKNOWN,,0,,2025-02-07 14:00:11
2025-01-03,83,HENS01,HENSON & SON INC,UNKNOWN,,0,,2025-02-07 14:00:11
2025-01-03,84,VILL01,VILLAGE CONCRETE INC,UNKNOWN,,WV,,2025-02-07 14:00:11
2025-01-03,85,POTO05,POTOMAC EXCAVATING,UNKNOWN,,0,,2025-02-07 14:00:11
2025-01-03,86,REIS01,"REISBERG, M JAY & SON INC",UNKNOWN,,40,,2025-02-07 14:00:11
2025-01-03,87,RFTS01,"R.F.T. SERVICES, LLC",UNKNOWN,,40,,2025-02-07 14:00:11
2025-01-03,88,NVRI01,NVR INC,UNKNOWN,,0,24,2025-02-07 14:00:11
2025-01-03,89,MILL19,"MILLER, DWIGHT",UNKNOWN,,0,6,2025-02-07 14:00:11
2025-01-03,90,THOM06,THOMAS BENNETT & HUNTER INC,UNKNOWN,,TBH,8,2025-02-07 14:00:11
2025-01-03,91,NORT02,NORTH STAR FOUNDATIONS INC,UNKNOWN,,WV,,2025-02-07 14:00:11
2025-01-03,92,THOM06,THOMAS BENNETT & HUNTER INC,UNKNOWN,,TBH,8,2025-03-14 09:28:25
2025-01-03,93,THOM06,THOMAS BENNETT & HUNTER INC,UNKNOWN,,TBH,8,2025-03-14 09:30:05
2025-01-04,1,H2CO01,"H2 CONSTRUCTION, INC.",UNKNOWN,,MAR,,2025-02-07 14:00:11
2025-01-06,1,GEES01,GRC GENERAL CONTRACTOR INC,UNKNOWN,,0,76,2025-01-06 06:27:06
2025-01-06,2,VILL01,VILLAGE CONCRETE INC,UNKNOWN,,WV,,2025-01-03 11:09:07
2025-01-06,3,H2CO01,"H2 CONSTRUCTION, INC.",UNKNOWN,,MAR,,2025-01-06 08:11:03
2025-01-06,4,JSCC01,JSC CONCRETE CONSTRUCTION INC.,UNKNOWN,,WV,,2025-01-10 07:12:23
2025-01-06,5,C3M,"PETRY, JOHN",UNKNOWN,,WV5,,2025-01-10 07:19:22
2025-01-06,6,SWEE02,"SWEENEY, A E MASONRY INC",UNKNOWN,,MAR,,2025-01-06 09:31:57
2025-01-06,7,NVRI01,NVR INC,UNKNOWN,,PA,87,2025-01-06 06:55:19
2025-01-06,8,NVRI01,NVR INC,UNKNOWN,,PA,87,2025-01-06 06:55:34
2025-01-06,9,NVRI01,NVR INC,UNKNOWN,,PA,87,2025-01-08 09:39:41
2025-01-06,10,MONT01,MONTGOMERY VAULT,UNKNOWN,,0,1,2025-01-06 10:21:51
2025-01-06,11,EDGE01,EDGEWOOD ENTERPRISES LLC,UNKNOWN,,0,,2025-01-06 07:53:59
2025-01-06,12,KIBL01,KIBLER CONSTRUCTION CO INC,UNKNOWN,,0,39,2025-01-06 10:22:09
2025-01-06,13,JSCC01,JSC CONCRETE CONSTRUCTION INC.,UNKNOWN,,WV,,2025-01-06 10:47:17
2025-01-06,14,JSCC01,JSC CONCRETE CONSTRUCTION INC.,UNKNOWN,,WV,,2025-01-06 10:47:55
2025-01-06,15,C1F,CASH CUSTOMER FRM,UNKNOWN,,0,,2025-01-06 14:57:13
2025-01-07,1,FRED01,FREDERICK CONCRETE CO INC,UNKNOWN,,0,99,2025-01-06 09:10:54
2025-01-07,2,KING08,"KING BRYANT, INC.",UNKNOWN,,0,,2025-01-07 07:02:25
2025-01-07,3,SMIT01,"SMITH, KEITH D CONCRETE CONSTR",UNKNOWN,,0,35,2025-01-06 10:20:59
2025-01-07,4,VILL01,VILLAGE CONCRETE INC,UNKNOWN,,WV,,2025-01-06 07:41:23
2025-01-07,5,JSCC01,JSC CONCRETE CONSTRUCTION INC.,UNKNOWN,,WV,,2025-01-09 11:05:02
2025-01-07,6,JSCC01,JSC CONCRETE CONSTRUCTION INC.,UNKNOWN,,CHA,,2025-01-15 06:49:07
2025-01-07,7,NVRI01,NVR INC,UNKNOWN,,WV,43,2025-01-06 10:22:36
2025-01-07,8,NVRI01,NVR INC,UNKNOWN,,WV,43,2025-01-06 10:21:15
2025-01-07,9,SWEE02,"SWEENEY, A E MASONRY INC",UNKNOWN,,MAR,,2025-01-07 08:12:53
2025-01-07,10,MORG01,MORGAN-KELLER INC,UNKNOWN,,HAR,577,2025-01-08 05:57:56
2025-01-07,11,GLBI01,GLB INC,UNKNOWN,,0,74,2025-01-06 10:57:26
2025-01-07,12,KIBL01,KIBLER CONSTRUCTION CO INC,UNKNOWN,,0,39,2025-01-07 09:10:50
2025-01-07,13,EDGE01,EDGEWOOD ENTERPRISES LLC,UNKNOWN,,0,,2025-01-07 06:22:59
2025-01-07,14,C1F,CASH CUSTOMER FRM,UNKNOWN,,0,,2025-01-07 14:56:15
2025-01-08,1,GULL01,GULL CORPORATION,UNKNOWN,,VA5,,2025-01-23 12:31:17
2025-01-08,2,SMIT01,"SMITH, KEITH D CONCRETE CONSTR",UNKNOWN,,0,35,2025-01-07 06:40:57
2025-01-08,3,KINS01,KINSLEY CONSTRUCTION INC.,UNKNOWN,,0,88,2025-01-07 08:54:58
2025-01-08,4,FRED01,FREDERICK CONCRETE CO INC,UNKNOWN,,0,99,2025-01-07 13:00:56
2025-01-08,5,GLBI01,GLB INC,UNKNOWN,,0,74,2025-01-08 07:40:44
2025-01-08,6,C3M,COUNTRY ROADS CONTRACTING,UNKNOWN,,WV,,2025-08-20 09:05:21
2025-01-08,7,KIBL01,KIBLER CONSTRUCTION CO INC,UNKNOWN,,0,39,2025-01-08 08:32:21
2025-01-08,8,NVRI01,NVR INC,UNKNOWN,,WV,43,2025-01-07 10:46:31
2025-01-08,9,NVRI01,NVR INC,UNKNOWN,,WV,43,2025-01-07 10:47:03
2025-01-08,10,EDGE01,EDGEWOOD ENTERPRISES LLC,UNKNOWN,,0,,2025-02-07 14:00:12
2025-01-08,11,KING08,"KING BRYANT, INC.",UNKNOWN,,0,,2025-02-07 14:00:12
2025-01-08,12,FOLA01,"FOLAND, H FRANK & SON INC",UNKNOWN,,5,472,2025-01-31 11:07:36
2025-01-08,13,REGI02,"REGION CONSTRUCTION, INC.",UNKNOWN,,0,2,2025-02-07 14:00:12
2025-01-08,14,STON09,STONEY RIDGE MASONRY,UNKNOWN,,0,2,2025-01-08 10:19:03
2025-01-08,15,LILL01,"LILLER, BRIAN (DETOUR)",UNKNOWN,,PA,,2025-01-08 07:47:13
2025-01-08,16,SIPP01,"SIPPEL DEVELOPMENT CO., INC.",UNKNOWN,,0,,2025-02-07 14:00:12
2025-01-08,17,C1W,LANCO POLE BUILDING,UNKNOWN,,0,,2025-02-07 14:00:12
2025-01-08,18,C1F,CASH CUSTOMER FRM,UNKNOWN,,0,,2025-01-08 14:56:34
2025-01-08,19,BERK01,BERKEL & CO CONTRACTORS INC,UNKNOWN,,0,6,2025-01-08 11:30:58
2025-01-08,20,EDGE01,EDGEWOOD ENTERPRISES LLC,UNKNOWN,,0,,2025-02-07 14:00:12
2025-01-08,21,THOM06,THOMAS BENNETT & HUNTER INC,UNKNOWN,,0,46,2025-02-07 14:00:12
2025-01-09,1,AXIS01,AXIS CONCRETE CONSTRUCTION,UNKNOWN,,0,3,2025-01-08 14:47:41
2025-01-09,2,SMIT01,"SMITH, KEITH D CONCRETE CONSTR",UNKNOWN,,0,35,2025-01-08 10:11:38
2025-01-09,3,KINS01,KINSLEY CONSTRUCTION INC.,UNKNOWN,,0,88,2025-01-14 05:49:48
2025-01-09,4,DREN01,"DRENNER, D A CONCRETE",UNKNOWN,,0,29,2025-01-10 13:13:41
2025-01-09,5,FRED01,FREDERICK CONCRETE CO INC,UNKNOWN,,0,99,2025-02-07 14:00:12
2025-01-09,6,GLBI01,GLB INC,UNKNOWN,,0,74,2025-01-09 08:33:56
2025-01-09,7,SWEE02,"SWEENEY, A E MASONRY INC",UNKNOWN,,MAR,,2025-01-09 09:20:18
2025-01-09,8,KIBL01,KIBLER CONSTRUCTION CO INC,UNKNOWN,,0,39,2025-01-09 08:29:55
2025-01-09,9,MARK02,MARKSMEN CO INC,UNKNOWN,,0,8,2025-02-07 14:00:12
2025-01-09,10,GREY03,GREYSTAR CONSTRUCTION GROUP,UNKNOWN,,SHE,1,2025-01-07 15:10:20
2025-01-09,11,MORG01,MORGAN-KELLER INC,UNKNOWN,,HAR,577,2025-01-08 10:17:49
2025-01-09,12,C1M,MID ATLANTIC ENTRY,UNKNOWN,,MAR,,2025-02-07 14:00:12
2025-01-09,13,GLBI01,GLB INC,UNKNOWN,,0,74,2025-01-08 10:12:27
2025-01-09,14,FOLA01,"FOLAND, H FRANK & SON INC",UNKNOWN,,WV,,2025-02-07 14:00:12
2025-01-09,15,FRAN05,FRANKLIN BUILDERS INC.,UNKNOWN,,0,,2025-02-07 14:00:12
2025-01-09,16,C2F,JAMES CONSTRUCTION,UNKNOWN,,0,,2025-01-09 08:47:19
2025-01-09,17,VILL01,VILLAGE CONCRETE INC,UNKNOWN,,WV,,2025-02-07 14:00:13
2025-01-09,18,VILL01,VILLAGE CONCRETE INC,UNKNOWN,,WV,,2025-02-07 14:00:13
2025-01-09,19,STON09,STONEY RIDGE MASONRY,UNKNOWN,,0,2,2025-02-07 14:00:13
2025-01-09,20,C3W,"MACHIESKY,JAIME",UNKNOWN,,0,,2025-02-07 14:00:13
2025-01-09,21,BERK01,BERKEL & CO CONTRACTORS INC,UNKNOWN,,0,6,2025-02-07 14:00:13
2025-01-09,22,ILAP01,"ILA PROPERTIES, INC.",UNKNOWN,,WV,,2025-01-09 09:52:37
2025-01-09,23,PRIC05,PRICE QUALITY CONCRETE CORP.,UNKNOWN,,MAR,,2025-01-08 15:39:14
2025-01-09,24,C1F,CASH CUSTOMER FRM,UNKNOWN,,0,,2025-01-09 14:59:30
2025-01-09,25,PETE04,PETER & JOHN RADIO FELLOWSHIP,UNKNOWN,,0,,2025-02-07 14:00:13
2025-01-09,26,CAGG,CASH AGGREGATE SALES,UNKNOWN,,40,,2025-02-07 14:00:13
2025-01-09,27,C1W,LANCO POLE BUILDING,UNKNOWN,,0,,2025-02-07 14:00:13
2025-01-09,28,REGI02,"REGION CONSTRUCTION, INC.",UNKNOWN,,0,2,2025-02-07 14:00:13
2025-01-10,1,SMIT01,"SMITH, KEITH D CONCRETE CONSTR",UNKNOWN,,0,35,2025-01-09 06:38:33
2025-01-10,2,VILL01,VILLAGE CONCRETE INC,UNKNOWN,,WV,,2025-01-08 10:00:11
2025-01-10,3,NVRI01,NVR INC,UNKNOWN,,WV,43,2025-01-09 10:48:47
2025-01-10,4,NVRI01,NVR INC,UNKNOWN,,WV,43,2025-01-09 10:48:18
2025-01-10,5,MORG01,MORGAN-KELLER INC,UNKNOWN,,HAR,577,2025-01-08 10:18:26
2025-01-10,6,C3M,HAYSLETTE CONSTRUCTION,UNKNOWN,,WV,,2025-02-07 14:00:13
2025-01-10,7,EDGE01,EDGEWOOD ENTERPRISES LLC,UNKNOWN,,WV,47,2025-02-07 14:00:13
2025-01-10,8,LILL01,"LILLER, BRIAN (DETOUR)",UNKNOWN,,PA,,2025-02-07 14:00:13
2025-01-10,9,JOUR01,"JOURNEY CONSTRUCTION, INC.",UNKNOWN,,0,,2025-02-07 14:00:14
2025-01-10,10,NVRI01,NVR INC,UNKNOWN,,PA,87,2025-02-07 14:00:14
2025-01-10,11,NVRI01,NVR INC,UNKNOWN,,PA3,84,2025-02-07 14:00:14
2025-01-10,12,NVRI01,NVR INC,UNKNOWN,,PA3,84,2025-02-07 14:00:14
2025-01-10,13,NORT02,NORTH STAR FOUNDATIONS INC,UNKNOWN,,WV,,2025-02-07 14:00:14
2025-01-10,14,AYER01,AYER CORPORATION,UNKNOWN,,PA,1,2025-01-09 10:53:17
2025-01-10,15,SHAN04,SHANNON-BAUM SIGNS INC,UNKNOWN,,0,,2025-02-07 14:00:14
2025-01-10,16,NVRI01,NVR INC,UNKNOWN,,WV,43,2025-02-07 14:00:14
2025-01-10,17,NVRI01,NVR INC,UNKNOWN,,WV,71,2025-02-07 14:00:14
2025-01-10,18,RICK02,RICKETTS LAND DEVELOPMENT,UNKNOWN,,WV5,,2025-02-07 14:00:15
2025-01-10,19,PANH01,PANHANDLE BUILDERS & EXCAVATORS INC,UNKNOWN,,WV,,2025-02-07 14:00:15
2025-01-10,20,JSCC01,JSC CONCRETE CONSTRUCTION INC.,UNKNOWN,,WV,,2025-02-07 14:00:15
2025-01-10,21,RICK02,RICKETTS LAND DEVELOPMENT,UNKNOWN,,WV5,,2025-02-07 14:00:15
2025-01-10,22,PANH01,PANHANDLE BUILDERS & EXCAVATORS INC,UNKNOWN,,WV,,2025-02-07 14:00:15
2025-01-10,23,PRIC05,PRICE QUALITY CONCRETE CORP.,UNKNOWN,,MAR,,2025-02-07 14:00:15
2025-01-10,24,MORG01,MORGAN-KELLER INC,UNKNOWN,,0,583,2025-01-09 11:09:05
2025-01-10,25,WAYN02,WAYNESBORO CONSTRUCTION CO,UNKNOWN,,0,98,2025-02-07 14:00:15
2025-01-10,26,MERL01,"MERLO, INC",UNKNOWN,,0,3,2025-02-07 14:00:15
2025-01-10,27,C2F,JAMES CONSTRUCTION,UNKNOWN,,0,,2025-02-07 14:00:15
2025-01-10,28,FRAN05,FRANKLIN BUILDERS INC.,UNKNOWN,,0,,2025-02-07 14:00:15
2025-01-10,29,MERL01,"MERLO, INC",UNKNOWN,,0,4,2025-02-07 14:00:15
2025-01-10,30,VILL01,VILLAGE CONCRETE INC,UNKNOWN,,WV,,2025-02-07 14:00:15
2025-01-10,31,KINS01,KINSLEY CONSTRUCTION INC.,UNKNOWN,,RAN,,2025-02-07 14:00:15
2025-01-10,32,ILAP01,"ILA PROPERTIES, INC.",UNKNOWN,,WV,,2025-01-10 13:38:57
2025-01-10,33,JSCC01,JSC CONCRETE CONSTRUCTION INC.,UNKNOWN,,WV,,2025-02-07 14:00:15
2025-01-10,34,FRED01,FREDERICK CONCRETE CO INC,UNKNOWN,,SHE,100,2025-02-07 14:00:15
2025-01-10,35,MORG01,MORGAN-KELLER INC,UNKNOWN,,0,580,2025-02-07 14:00:16
2025-01-10,36,WEST11,WESTERN MARYLAND CONCRETE INC,UNKNOWN,,PA,2,2025-02-07 14:00:16
2025-01-10,37,PETE04,PETER & JOHN RADIO FELLOWSHIP,UNKNOWN,,0,,2025-02-07 14:00:16
2025-01-10,38,STON09,STONEY RIDGE MASONRY,UNKNOWN,,0,2,2025-02-07 14:00:16
2025-01-10,39,C1F,CASH CUSTOMER FRM,UNKNOWN,,0,,2025-01-10 15:08:31
2025-01-10,40,WAYN02,WAYNESBORO CONSTRUCTION CO,UNKNOWN,,0,,2025-01-10 11:52:17
2025-01-10,41,NVRI01,NVR INC,UNKNOWN,,0,48,2025-02-07 14:00:16
2025-01-10,42,NVRI01,NVR INC,UNKNOWN,,0,48,2025-02-07 14:00:16
2025-01-10,43,NVRI01,NVR INC,UNKNOWN,,0,24,2025-02-07 14:00:16
2025-01-10,44,SIPP01,"SIPPEL DEVELOPMENT CO., INC.",UNKNOWN,,0,,2025-02-07 14:00:16
2025-01-10,45,C1M,"WOLLUM, WALTER",UNKNOWN,,WV,,2025-02-07 14:00:17
2025-01-10,46,WEST11,WESTERN MARYLAND CONCRETE INC,UNKNOWN,,PA,,2025-02-07 14:00:17
2025-01-10,47,C1M,"MENDOZA, BENJAMIN",UNKNOWN,,WV,,2025-01-10 16:29:14
2025-01-10,48,REGI02,"REGION CONSTRUCTION, INC.",UNKNOWN,,0,2,2025-02-07 14:00:17
2025-01-10,49,THOM06,THOMAS BENNETT & HUNTER INC,UNKNOWN,,0,2,2025-02-07 14:00:17
2025-01-13,1,SMIT01,"SMITH, KEITH D CONCRETE CONSTR",UNKNOWN,,0,35,2025-02-07 14:00:17
2025-01-13,2,C3M,COUNTRY ROADS CONTRACTING,UNKNOWN,,WV,,2025-02-07 14:00:17
2025-01-13,3,AYER01,AYER CORPORATION,UNKNOWN,,PA,1,2025-02-07 14:00:17
2025-01-13,4,LILL01,"LILLER, BRIAN (DETOUR)",UNKNOWN,,PA,,2025-02-07 14:00:18
2025-01-13,5,KIBL01,KIBLER CONSTRUCTION CO INC,UNKNOWN,,0,39,2025-02-07 14:00:18
2025-01-13,6,GLBI01,GLB INC,UNKNOWN,,0,74,2025-02-07 14:00:18
2025-01-13,7,SWEE02,"SWEENEY, A E MASONRY INC",UNKNOWN,,MAR,,2025-01-13 08:35:22
2025-01-13,8,MTLA01,M T LANEY CO INC,UNKNOWN,,0,,2025-02-07 14:00:18
2025-01-13,9,NVRI01,NVR INC,UNKNOWN,,WV,43,2025-02-07 14:00:18
2025-01-13,10,NVRI01,NVR INC,UNKNOWN,,WV,43,2025-02-07 14:00:18
2025-01-13,11,MORG01,MORGAN-KELLER INC,UNKNOWN,,0,583,2025-01-28 05:38:34
2025-01-13,12,LAST01,LASTING IMPRESSIONS QUALITY CONCRETE INC,UNKNOWN,,VA,2,2025-02-07 14:00:18
2025-01-13,13,VILL01,VILLAGE CONCRETE INC,UNKNOWN,,WV,,2025-02-07 14:00:18
2025-01-13,14,EDGE01,EDGEWOOD ENTERPRISES LLC,UNKNOWN,,WV,47,2025-02-07 14:00:19
2025-01-13,15,GREE21,"GREEN VILLAGE CONCRETE, INC.",UNKNOWN,,RAN,4,2025-02-07 14:00:19
2025-01-13,16,FRED01,FREDERICK CONCRETE CO INC,UNKNOWN,,SHE,100,2025-02-07 14:00:19
2025-01-13,17,MIDA04,MID-ATLANTIC UTILITIES INC,UNKNOWN,,0,,2025-01-13 07:00:59
2025-01-13,18,JSCC01,JSC CONCRETE CONSTRUCTION INC.,UNKNOWN,,WV,,2025-02-07 14:00:19
2025-01-13,19,VILL01,VILLAGE CONCRETE INC,UNKNOWN,,WV,,2025-01-14 08:07:15
2025-01-13,20,JSCC01,JSC CONCRETE CONSTRUCTION INC.,UNKNOWN,,WV,,2025-01-13 15:11:01
2025-01-13,21,VILL01,VILLAGE CONCRETE INC,UNKNOWN,,WV,,2025-02-07 14:00:19
2025-01-13,22,JSCC01,JSC CONCRETE CONSTRUCTION INC.,UNKNOWN,,WV,,2025-01-14 09:02:49
2025-01-13,23,HENR05,"HENRY, JAMES",UNKNOWN,,WV,,2025-02-07 14:00:19
2025-01-13,24,C3M,"PETRY, JOHN",UNKNOWN,,WV5,,2025-02-07 14:00:19
2025-01-13,25,NVRI01,NVR INC,UNKNOWN,,PA,87,2025-01-13 07:53:33
2025-01-13,26,NVRI01,NVR INC,UNKNOWN,,PA,87,2025-02-07 14:00:19
2025-01-13,27,JSCC01,JSC CONCRETE CONSTRUCTION INC.,UNKNOWN,,WV,,2025-02-07 14:00:19
2025-01-13,28,NVRI01,NVR INC,UNKNOWN,,PA,87,2025-01-13 12:54:57
2025-01-13,29,JSCC01,JSC CONCRETE CONSTRUCTION INC.,UNKNOWN,,WV,,2025-02-07 14:00:19
2025-01-13,30,NVRI01,NVR INC,UNKNOWN,,WV,71,2025-02-07 14:00:20
2025-01-13,31,REIS01,"REISBERG, M JAY & SON INC",UNKNOWN,,0,,2025-02-07 14:00:20
2025-01-13,32,RICK02,RICKETTS LAND DEVELOPMENT,UNKNOWN,,WV5,,2025-01-10 14:02:04
2025-01-13,33,JC2001,JC 2017,UNKNOWN,,WV,,2025-02-07 14:00:20
2025-01-13,34,WEST11,WESTERN MARYLAND CONCRETE INC,UNKNOWN,,PA,2,2025-02-07 14:00:20
2025-01-13,35,WEST11,WESTERN MARYLAND CONCRETE INC,UNKNOWN,,PA,2,2025-02-07 14:00:20
2025-01-13,36,FOUN01,FOUNDATIONS FIRST INC,UNKNOWN,,0,,2025-02-07 14:00:20
2025-01-13,37,C1F,WRENN CONSTRUCTION,UNKNOWN,,PA,,2025-02-07 14:00:20
2025-01-13,38,ABCI01,"ASSOCIATED BRIGHAM CONTRACTORS, INC.",UNKNOWN,,WV,1,2025-02-07 14:00:20
2025-01-13,39,C1F,CASH CUSTOMER FRM,UNKNOWN,,0,,2025-01-13 14:05:41
2025-01-13,40,UNIT03,UNITED ENTERPRISES CONSTRUCTION LLC,UNKNOWN,,PA,,2025-02-07 14:00:20
2025-01-13,41,NVRI01,NVR INC,UNKNOWN,,WV,43,2025-02-07 14:00:20
2025-01-13,42,PANH01,PANHANDLE BUILDERS & EXCAVATORS INC,UNKNOWN,,WV,,2025-02-07 14:00:20
2025-01-13,43,MONT01,MONTGOMERY VAULT,UNKNOWN,,0,1,2025-02-07 14:00:20
2025-01-13,44,JOUR01,"JOURNEY CONSTRUCTION, INC.",UNKNOWN,,0,,2025-02-07 14:00:20
2025-01-13,45,FOUR05,FOUR POINTS CONSTRUCTION CO. [WV],UNKNOWN,,WV,,2025-02-07 14:00:21
2025-01-13,46,REGI02,"REGION CONSTRUCTION, INC.",UNKNOWN,,0,2,2025-02-07 14:00:21
2025-01-13,47,C1W,"GALLIS, STEVE",UNKNOWN,,6,,2025-02-07 14:00:21
2025-01-13,48,MORG01,MORGAN-KELLER INC,UNKNOWN,,0,585,2025-02-07 14:00:21
2025-01-13,49,EDGE01,EDGEWOOD ENTERPRISES LLC,UNKNOWN,,0,58,2025-02-07 14:00:21
2025-01-13,50,JASO01,"JASON LAWN & LANDSCAPING, LLC",UNKNOWN,,0,,2025-02-07 14:00:21
2025-01-13,51,BRAN01,BRANDENBURG ELECTRIC INC,UNKNOWN,,0,,2025-02-07 14:00:21
2025-01-13,52,FOLA01,"FOLAND, H FRANK & SON INC",UNKNOWN,,0,,2025-02-07 14:00:21
2025-01-13,53,FOLA01,"FOLAND, H FRANK & SON INC",UNKNOWN,,0,,2025-02-07 14:00:21
2025-01-13,54,ILAP01,"ILA PROPERTIES, INC.",UNKNOWN,,WV,,2025-02-07 14:00:21
2025-01-13,55,FOLA01,"FOLAND, H FRANK & SON INC",UNKNOWN,,0,,2025-02-07 14:00:21
2025-01-13,56,FRED01,FREDERICK CONCRETE CO INC,UNKNOWN,,WV,,2025-09-12 10:35:34
2025-01-13,57,PANH01,PANHANDLE BUILDERS & EXCAVATORS INC,UNKNOWN,,WV,,2025-02-07 14:00:21
2025-01-13,58,HIDE01,"HIDEY'S  LAWN SERVICE, LLC",UNKNOWN,,40NT,1,2025-02-07 14:00:21
2025-01-13,59,CAGG,MOAT,UNKNOWN,,40,,2025-02-07 14:00:21
2025-01-13,60,THOM06,THOMAS BENNETT & HUNTER INC,UNKNOWN,,0,3,2025-02-07 14:00:21
2025-01-14,1,GREY03,GREYSTAR CONSTRUCTION GROUP,UNKNOWN,,SHE,1,2025-01-13 09:18:15
2025-01-14,2,AYER01,AYER CORPORATION,UNKNOWN,,PA,1,2025-02-07 14:00:21
2025-01-14,3,MORG01,MORGAN-KELLER INC,UNKNOWN,,HAR,577,2025-02-07 14:00:21
2025-01-14,4,SWEE02,"SWEENEY, A E MASONRY INC",UNKNOWN,,MAR,,2025-01-14 08:25:08
2025-01-14,5,MIDA04,MID-ATLANTIC UTILITIES INC,UNKNOWN,,0,,2025-02-07 14:00:21
2025-01-14,6,RICK02,RICKETTS LAND DEVELOPMENT,UNKNOWN,,WV5,,2025-02-07 14:00:21
2025-01-14,7,MORG01,MORGAN-KELLER INC,UNKNOWN,,0,585,2025-01-14 06:57:30
2025-01-14,8,NVRI01,NVR INC,UNKNOWN,,PA,87,2025-01-14 12:34:38
2025-01-14,9,NVRI01,NVR INC,UNKNOWN,,PA,87,2025-01-14 06:06:57
2025-01-14,10,BERK01,BERKEL & CO CONTRACTORS INC,UNKNOWN,,0,6,2025-02-07 14:00:22
2025-01-14,11,REGI02,"REGION CONSTRUCTION, INC.",UNKNOWN,,0,2,2025-01-14 11:29:20
2025-01-14,12,NVRI01,NVR INC,UNKNOWN,,PA3,84,2025-02-07 14:00:22
2025-01-14,13,JSCC01,JSC CONCRETE CONSTRUCTION INC.,UNKNOWN,,WV,,2025-02-07 14:00:22
2025-01-14,14,PLOT01,"PLOTNER, ALLEN W",UNKNOWN,,WV,,2025-01-13 11:25:03
2025-01-14,15,JSCC01,JSC CONCRETE CONSTRUCTION INC.,UNKNOWN,,WV,,2025-01-14 06:33:05
2025-01-14,16,GIOR01,"GIORDANO CONSTRUCTION CO., INC.",UNKNOWN,,WV,,2025-02-07 14:00:22
2025-01-14,17,FOUR05,FOUR POINTS CONSTRUCTION CO. [WV],UNKNOWN,,WV,,2025-02-07 14:00:22
2025-01-14,18,EDGE01,EDGEWOOD ENTERPRISES LLC,UNKNOWN,,0,61,2025-02-07 14:00:22
2025-01-14,19,NVRI01,NVR INC,UNKNOWN,,PA3,84,2025-02-07 14:00:22
2025-01-14,20,FRED01,FREDERICK CONCRETE CO INC,UNKNOWN,,WV,95,2025-02-07 14:00:22
2025-01-14,21,FRAN05,FRANKLIN BUILDERS INC.,UNKNOWN,,PA,54,2025-02-07 14:00:22
2025-01-14,22,EDGE01,EDGEWOOD ENTERPRISES LLC,UNKNOWN,,0,58,2025-02-07 14:00:22
2025-01-14,23,FOLA01,"FOLAND, H FRANK & SON INC",UNKNOWN,,0,,2025-02-07 14:00:22
2025-01-14,24,NVRI01,NVR INC,UNKNOWN,,WV,43,2025-02-07 14:00:22
2025-01-14,25,NVRI01,NVR INC,UNKNOWN,,WV,71,2025-02-07 14:00:23
2025-01-14,26,JSCC01,JSC CONCRETE CONSTRUCTION INC.,UNKNOWN,,WV,,2025-01-14 08:59:33
2025-01-14,27,C1F,CASH CUSTOMER FRM,UNKNOWN,,0,,2025-01-14 13:43:19
2025-01-14,28,ILAP01,"ILA PROPERTIES, INC.",UNKNOWN,,WV,,2025-02-07 14:00:23
2025-01-14,29,VILL01,VILLAGE CONCRETE INC,UNKNOWN,,WV,,2025-02-07 14:00:23
2025-01-14,30,VILL01,VILLAGE CONCRETE INC,UNKNOWN,,WV,,2025-01-14 11:14:09
2025-01-14,31,C3W,FOLEY CONSTRUCTION,UNKNOWN,,0,,2025-02-07 14:00:23
2025-01-14,32,LONG02,LONG FENCE CO,UNKNOWN,,0,,2025-02-07 14:00:23
2025-01-14,33,GREA03,GREAT VALLEY PROPANE,UNKNOWN,,40,,2025-02-07 14:00:23
2025-01-14,34,LEFA01,"LEFAIVRE, J R CONSTRUCTION",UNKNOWN,,0,,2025-02-07 14:00:23
2025-01-14,35,C2CO01,C2 CONCRETE LLC,UNKNOWN,,PA4,,2025-01-14 12:32:59
2025-01-14,36,CAGG,CASH AGGREGATE SALES,UNKNOWN,,40,,2025-02-07 14:00:23
2025-01-14,37,PANH01,PANHANDLE BUILDERS & EXCAVATORS INC,UNKNOWN,,WV,,2025-02-07 14:00:23
2025-01-14,38,REGI02,"REGION CONSTRUCTION, INC.",UNKNOWN,,0,2,2025-02-07 14:00:23
2025-01-14,39,GIOR01,"GIORDANO CONSTRUCTION CO., INC.",UNKNOWN,,WV,,2025-01-14 12:04:34
2025-01-14,40,POTO05,POTOMAC EXCAVATING,UNKNOWN,,0,,2025-02-07 14:00:23
2025-01-15,1,GREY03,GREYSTAR CONSTRUCTION GROUP,UNKNOWN,,SHE,1,2025-02-07 14:00:23
2025-01-15,2,MORG01,MORGAN-KELLER INC,UNKNOWN,,HAR,577,2025-02-07 14:00:23
2025-01-15,3,DREN01,"DRENNER, D A CONCRETE",UNKNOWN,,0,29,2025-01-14 15:20:09
2025-01-15,4,STON09,STONEY RIDGE MASONRY,UNKNOWN,,0,2,2025-02-07 14:00:23
2025-01-15,5,MIDA04,MID-ATLANTIC UTILITIES INC,UNKNOWN,,0,,2025-02-07 14:00:23
2025-01-15,6,HESS04,"J. HESS GROUP, LLC",UNKNOWN,,WV,,2025-02-07 14:00:23
2025-01-15,7,HETZ01,"HETZER, C W INC",UNKNOWN,,0,126,2025-02-07 14:00:24
2025-01-15,8,MERL01,"MERLO, INC",UNKNOWN,,0,4,2025-02-07 14:00:24
2025-01-15,9,EDGE01,EDGEWOOD ENTERPRISES LLC,UNKNOWN,,0,45,2025-01-14 05:39:26
2025-01-15,10,NVRI01,NVR INC,UNKNOWN,,PA,87,2025-02-07 14:00:24
2025-01-15,11,BERK01,BERKEL & CO CONTRACTORS INC,UNKNOWN,,0,6,2025-02-07 14:00:24
2025-01-15,12,REGI02,"REGION CONSTRUCTION, INC.",UNKNOWN,,0,2,2025-02-07 14:00:24
2025-01-15,13,AYER01,AYER CORPORATION,UNKNOWN,,PA,1,2025-02-07 14:00:24
2025-01-15,14,SWEE02,"SWEENEY, A E MASONRY INC",UNKNOWN,,MAR,,2025-02-07 14:00:24
2025-01-15,15,RFTS01,"R.F.T. SERVICES, LLC",UNKNOWN,,0,,2025-02-07 14:00:24
2025-01-15,16,FOLA01,"FOLAND, H FRANK & SON INC",UNKNOWN,,0,,2025-01-28 14:07:42
2025-01-15,17,VILL01,VILLAGE CONCRETE INC,UNKNOWN,,WV,,2025-02-07 14:00:24
2025-01-15,18,JSCC01,JSC CONCRETE CONSTRUCTION INC.,UNKNOWN,,WV,,2025-01-24 12:46:22
2025-01-15,19,JSCC01,JSC CONCRETE CONSTRUCTION INC.,UNKNOWN,,WV,,2025-02-07 14:00:24
2025-01-15,20,VILL01,VILLAGE CONCRETE INC,UNKNOWN,,WV,,2025-01-15 11:41:42
2025-01-15,21,CITY08,CITY OF HAGERSTOWN PARKS & ENGINEERING,UNKNOWN,,0,23,2025-02-07 14:00:24
2025-01-15,22,LONG02,LONG FENCE CO,UNKNOWN,,0,28,2025-02-07 14:00:24
2025-01-15,23,FRAN05,FRANKLIN BUILDERS INC.,UNKNOWN,,PA,54,2025-01-15 10:07:32
2025-01-15,24,MILL15,"MILLER, C J LLC",UNKNOWN,,0,,2025-02-07 14:00:24
2025-01-15,25,GIOR01,"GIORDANO CONSTRUCTION CO., INC.",UNKNOWN,,WV,,2025-02-07 14:00:24
2025-01-15,26,FRED01,FREDERICK CONCRETE CO INC,UNKNOWN,,0,93,2025-01-15 14:46:34
2025-01-15,27,RYDE01,"RYDER, DANIEL",UNKNOWN,,0,,2025-02-07 14:00:25
2025-01-15,28,C1F,CASH CUSTOMER FRM,UNKNOWN,,0,,2025-01-15 14:24:53
2025-01-15,29,VILL01,VILLAGE CONCRETE INC,UNKNOWN,,0,,2025-01-15 09:36:53
2025-01-15,30,ABCI01,"ASSOCIATED BRIGHAM CONTRACTORS, INC.",UNKNOWN,,WV,1,2025-02-07 14:00:25
2025-01-15,31,C1M,NITRO CONSTRUCTION,UNKNOWN,,WV,,2025-02-07 14:00:25
2025-01-15,32,SIPP01,"SIPPEL DEVELOPMENT CO., INC.",UNKNOWN,,0,,2025-02-07 14:00:25
2025-01-15,33,C1M,COMMERCIAL CONTRACTORS INC.,UNKNOWN,,MAR,,2025-02-07 14:00:25
2025-01-15,34,C2H,GROVE GROUNDWURX,UNKNOWN,,0,,2025-02-07 14:00:25
2025-01-15,35,CONE01,CONEWAGO ENTERPRISES INC,UNKNOWN,,0,52,2025-02-07 14:00:25
2025-01-15,36,C1M,CREATIVE DESIGN LANDSCAPES,UNKNOWN,,WV,,2025-02-07 14:00:25
2025-01-15,37,FOLA01,"FOLAND, H FRANK & SON INC",UNKNOWN,,0,,2025-02-07 14:00:25
2025-01-15,38,KELL07,"KELLY HARLESS TRUCKING, INC.",UNKNOWN,,0,,2025-02-07 14:00:25
2025-01-15,39,THOM06,THOMAS BENNETT & HUNTER INC,UNKNOWN,,TBH,,2025-02-07 14:00:25
2025-01-16,1,GREY03,GREYSTAR CONSTRUCTION GROUP,UNKNOWN,,SHE,1,2025-01-16 08:41:01
2025-01-16,2,C2H,EAST COAST SERVICES,UNKNOWN,,0,,2025-01-13 10:11:36
2025-01-16,3,GLOB05,GLOBAL HEAVY CORP,UNKNOWN,,WV,1,2025-02-07 14:00:26
2025-01-16,4,HETZ01,"HETZER, C W INC",UNKNOWN,,0,126,2025-02-07 14:00:26
2025-01-16,5,EDGE01,EDGEWOOD ENTERPRISES LLC,UNKNOWN,,0,45,2025-01-27 07:27:56
2025-01-16,6,FOLA01,"FOLAND, H FRANK & SON INC",UNKNOWN,,0,,2025-01-16 10:40:21
2025-01-16,7,FRAN05,FRANKLIN BUILDERS INC.,UNKNOWN,,PA,57,2025-01-16 07:40:27
2025-01-16,8,WEST11,WESTERN MARYLAND CONCRETE INC,UNKNOWN,,0,,2025-02-07 14:00:26
2025-01-16,9,REGI02,"REGION CONSTRUCTION, INC.",UNKNOWN,,0,2,2025-01-16 09:25:46
2025-01-16,10,EDGE01,EDGEWOOD ENTERPRISES LLC,UNKNOWN,,WV,47,2025-01-15 08:39:29
2025-01-16,11,LONG02,LONG FENCE CO,UNKNOWN,,0,28,2025-02-07 14:00:26
2025-01-16,12,MTCI01,"MARK'S TANK CLEANING, INC.",UNKNOWN,,0,,2025-02-07 14:00:26
2025-01-16,13,MORG01,MORGAN-KELLER INC,UNKNOWN,,HAR,577,2025-01-16 09:54:58
2025-01-16,14,DUNC01,"DUNCAN, SCOTT A INC",UNKNOWN,,0,,2025-01-16 11:14:26
2025-01-16,15,C3W,OLD WESTMINSTER WINERY,UNKNOWN,,0,,2025-02-07 14:00:26
2025-01-16,16,FRAN05,FRANKLIN BUILDERS INC.,UNKNOWN,,PA,54,2025-02-07 14:00:26
2025-01-16,17,BERK01,BERKEL & CO CONTRACTORS INC,UNKNOWN,,0,6,2025-01-16 14:58:05
2025-01-16,18,NVRI01,NVR INC,UNKNOWN,,PA3,84,2025-02-07 14:00:26
2025-01-16,19,NVRI01,NVR INC,UNKNOWN,,PA,87,2025-02-07 14:00:26
2025-01-16,20,MERL01,"MERLO, INC",UNKNOWN,,0,3,2025-02-07 14:00:26
2025-01-16,21,JSCC01,JSC CONCRETE CONSTRUCTION INC.,UNKNOWN,,CHA,,2025-01-16 06:42:07
2025-01-16,22,NVRI01,NVR INC,UNKNOWN,,WV,71,2025-01-15 15:35:03
2025-01-16,23,JSCC01,JSC CONCRETE CONSTRUCTION INC.,UNKNOWN,,WV,,2025-02-07 14:00:26
2025-01-16,24,VILL01,VILLAGE CONCRETE INC,UNKNOWN,,WV,,2025-02-07 14:00:26
2025-01-16,25,VILL01,VILLAGE CONCRETE INC,UNKNOWN,,WV,,2025-01-16 12:17:11
2025-01-16,26,FRED01,FREDERICK CONCRETE CO INC,UNKNOWN,,0,93,2025-01-16 13:52:39
2025-01-16,27,PLEA03,"PLEASANTS CONSTRUCTION, INC.",UNKNOWN,,VA5,,2025-02-07 14:00:26
2025-01-16,28,C1W,LIMA CONSTRUCTION,UNKNOWN,,0,,2025-02-07 14:00:26
2025-01-16,29,AVID01,"AVID SERVICES, LLC",UNKNOWN,,0,15,2025-02-07 14:00:27
2025-01-16,30,HUNT02,"HUNTZBERRY BROTHERS, INC",UNKNOWN,,0,,2025-02-07 14:00:27
2025-01-16,31,C1H,"THOMSON, EARL",UNKNOWN,,PA,,2025-02-07 14:00:27
2025-01-16,32,VILL01,VILLAGE CONCRETE INC,UNKNOWN,,0,,2025-02-07 14:00:27
2025-01-16,33,JSCC01,JSC CONCRETE CONSTRUCTION INC.,UNKNOWN,,WV,,2025-02-07 14:00:27
2025-01-16,34,FOUR05,FOUR POINTS CONSTRUCTION CO. [WV],UNKNOWN,,WV,,2025-02-07 14:00:27
2025-01-16,35,HESS04,"J. HESS GROUP, LLC",UNKNOWN,,WV,,2025-02-07 14:00:27
2025-01-16,36,MECI01,M E C INC,UNKNOWN,,0,,2025-02-07 14:00:27
2025-01-16,37,VILL01,VILLAGE CONCRETE INC,UNKNOWN,,WV,,2025-02-07 14:00:27
2025-01-16,38,LONG02,LONG FENCE CO,UNKNOWN,,0,,2025-02-07 14:00:27
2025-01-16,39,FOLA01,"FOLAND, H FRANK & SON INC",UNKNOWN,,0,,2025-01-16 10:40:39
2025-01-16,40,JOUR01,"JOURNEY CONSTRUCTION, INC.",UNKNOWN,,0,,2025-02-07 14:00:27
2025-01-16,41,NORT02,NORTH STAR FOUNDATIONS INC,UNKNOWN,,RAN,,2025-02-07 14:00:27
2025-01-16,42,LEDF01,"LEDFORD, J. E. & SONS, INC.",UNKNOWN,,0,,2025-02-07 14:00:27
2025-01-16,43,ILAP01,"ILA PROPERTIES, INC.",UNKNOWN,,WV,,2025-02-07 14:00:27
2025-01-16,44,NVRI01,NVR INC,UNKNOWN,,PA3,84,2025-02-07 14:00:27
2025-01-16,45,FRED01,FREDERICK CONCRETE CO INC,UNKNOWN,,WV,95,2025-02-07 14:00:28
2025-01-16,46,C1F,CASH CUSTOMER FRM,UNKNOWN,,0,,2025-01-16 13:52:50
2025-01-16,47,SIPP01,"SIPPEL DEVELOPMENT CO., INC.",UNKNOWN,,0,,2025-02-07 14:00:28
2025-01-16,48,TREJ01,TREJO BROTHERS CONSTRUCTION LLP,UNKNOWN,,PA,,2025-02-07 14:00:28
2025-01-16,49,GIOR01,"GIORDANO CONSTRUCTION CO., INC.",UNKNOWN,,WV,1,2025-02-07 14:00:28
2025-01-16,50,C1M,CREATIVE DESIGN LANDSCAPES,UNKNOWN,,WV,,2025-02-07 14:00:28
2025-01-16,51,NVRI01,NVR INC,UNKNOWN,,WV,43,2025-02-07 14:00:28
2025-01-16,52,EDGE01,EDGEWOOD ENTERPRISES LLC,UNKNOWN,,0,,2025-02-07 14:00:28
2025-01-16,53,PETE04,PETER & JOHN RADIO FELLOWSHIP,UNKNOWN,,0,,2025-02-07 14:00:28
2025-01-16,54,REGI02,"REGION CONSTRUCTION, INC.",UNKNOWN,,0,2,2025-02-07 14:00:28
2025-01-16,55,FOLA01,"FOLAND, H FRANK & SON INC",UNKNOWN,,0,,2025-02-07 14:00:28
2025-01-16,56,C2M,CATOM CONSTRUCTION,UNKNOWN,,WV3,,2025-02-07 14:00:28
2025-01-16,57,THOM06,THOMAS BENNETT & HUNTER INC,UNKNOWN,,0,2,2025-02-07 14:00:28
2025-01-16,58,THOM06,THOMAS BENNETT & HUNTER INC,UNKNOWN,,TBH,,2025-02-07 14:00:28
2025-01-17,1,COGA01,PHIL COGAR EXCAVATING LLC,UNKNOWN,,WV,,2025-01-16 12:11:10
2025-01-17,2,GLBI01,GLB INC,UNKNOWN,,0,74,2025-01-16 10:58:41
2025-01-17,3,C2H,EAST COAST SERVICES,UNKNOWN,,0,,2025-02-07 14:00:28
2025-01-17,4,PLOT01,"PLOTNER, ALLEN W",UNKNOWN,,WV,,2025-02-07 14:00:28
2025-01-17,5,MILL19,"MILLER, DWIGHT",UNKNOWN,,0,6,2025-02-07 14:00:29
2025-01-17,6,HESS04,"J. HESS GROUP, LLC",UNKNOWN,,WV,,2025-01-15 11:07:51
2025-01-17,7,C3W,MOAT,UNKNOWN,,0,,2025-02-07 14:00:29
2025-01-17,8,FOLA01,"FOLAND, H FRANK & SON INC",UNKNOWN,,0,,2025-01-16 07:53:39
2025-01-17,9,C2F,J&W CONSTRUCTION,UNKNOWN,,0,,2025-02-07 14:00:29
2025-01-17,10,KINS01,KINSLEY CONSTRUCTION INC.,UNKNOWN,,0,88,2025-01-15 07:18:51
2025-01-17,11,JSCC01,JSC CONCRETE CONSTRUCTION INC.,UNKNOWN,,WV,,2025-02-07 14:00:29
2025-01-17,12,C1W,A&E BUILDERS,UNKNOWN,,0,,2025-02-07 14:00:29
2025-01-17,13,AXIS01,AXIS CONCRETE CONSTRUCTION,UNKNOWN,,5,,2025-02-21 07:46:15
2025-01-17,14,RFTS01,"R.F.T. SERVICES, LLC",UNKNOWN,,0,,2025-01-14 08:42:49
2025-01-17,15,BUCK03,BUCKYS CONCRETE,UNKNOWN,,WV,,2025-01-17 10:15:06
2025-01-17,16,EDGE01,EDGEWOOD ENTERPRISES LLC,UNKNOWN,,WV,67,2025-02-07 14:00:30
2025-01-17,17,JSCC01,JSC CONCRETE CONSTRUCTION INC.,UNKNOWN,,WV,,2025-02-07 14:00:30
2025-01-17,18,EDGE01,EDGEWOOD ENTERPRISES LLC,UNKNOWN,,WV,47,2025-02-07 14:00:30
2025-01-17,19,NORT02,NORTH STAR FOUNDATIONS INC,UNKNOWN,,WV,,2025-02-07 14:00:30
2025-01-17,20,NORT02,NORTH STAR FOUNDATIONS INC,UNKNOWN,,RAN,,2025-01-15 12:08:35
2025-01-17,21,NORT02,NORTH STAR FOUNDATIONS INC,UNKNOWN,,0,,2025-01-15 07:46:58
2025-01-17,22,ORCH01,ORCHARD HOLLOW CONSTRUCTION,UNKNOWN,,0,,2025-02-07 14:00:30
2025-01-17,23,MORG01,MORGAN-KELLER INC,UNKNOWN,,HAR,577,2025-02-07 14:00:30
2025-01-17,24,FRED01,FREDERICK CONCRETE CO INC,UNKNOWN,,WV,98,2025-01-28 06:18:46
2025-01-17,25,TREJ01,TREJO BROTHERS CONSTRUCTION LLP,UNKNOWN,,PA,,2025-02-07 14:00:31
2025-01-17,26,C2CO01,C2 CONCRETE LLC,UNKNOWN,,PA4,,2025-02-07 14:00:31
2025-01-17,27,FRAN05,FRANKLIN BUILDERS INC.,UNKNOWN,,PA,54,2025-02-07 14:00:31
2025-01-17,28,REGI02,"REGION CONSTRUCTION, INC.",UNKNOWN,,0,2,2025-02-07 14:00:31
2025-01-17,29,BERK01,BERKEL & CO CONTRACTORS INC,UNKNOWN,,0,6,2025-02-07 14:00:31
2025-01-17,30,MORG01,MORGAN-KELLER INC,UNKNOWN,,0,585,2025-02-07 14:00:31
2025-01-17,31,GEES01,GRC GENERAL CONTRACTOR INC,UNKNOWN,,PA5,,2025-02-07 14:00:31
2025-01-17,32,WEST11,WESTERN MARYLAND CONCRETE INC,UNKNOWN,,0,,2025-02-07 14:00:31
2025-01-17,33,C2H,TRIPLE B SKID-LOADER,UNKNOWN,,0,,2025-02-07 14:00:31
2025-01-17,34,HETZ01,"HETZER, C W INC",UNKNOWN,,0,126,2025-01-17 06:31:59
2025-01-17,35,MART35,"MARTIN, DONOVAN",UNKNOWN,,0,,2025-01-16 10:56:08
2025-01-17,36,DREN01,"DRENNER, D A CONCRETE",UNKNOWN,,0,29,2025-02-07 14:00:31
2025-01-17,37,LOPE01,"LOPEZ, LUKE",UNKNOWN,,PA,,2025-02-07 14:00:31
2025-01-17,38,ROCK03,ROCKWELL CONSTRUCTION CO,UNKNOWN,,PA,,2025-02-07 14:00:31
2025-01-17,39,SAND05,SANDBEK LLC,UNKNOWN,,0,2,2025-02-07 14:00:31
2025-01-17,40,WEST11,WESTERN MARYLAND CONCRETE INC,UNKNOWN,,PA,2,2025-02-07 14:00:32
2025-01-17,41,FRAN05,FRANKLIN BUILDERS INC.,UNKNOWN,,PA,57,2025-01-28 11:42:07
2025-01-17,42,FRED01,FREDERICK CONCRETE CO INC,UNKNOWN,,0,93,2025-01-28 11:04:01
2025-01-17,43,C3W,LYNCH & SON CONCRETE,UNKNOWN,,3,,2025-01-17 06:22:36
2025-01-17,44,NVRI01,NVR INC,UNKNOWN,,PA,87,2025-01-23 09:17:34
2025-01-17,45,NVRI01,NVR INC,UNKNOWN,,WV,71,2025-02-07 14:00:32
2025-01-17,46,NVRI01,NVR INC,UNKNOWN,,WV,71,2025-02-07 14:00:32
2025-01-17,47,C3F,M & S ENERGY,UNKNOWN,,0,,2025-02-07 14:00:32
2025-01-17,48,JC2001,JC 2017,UNKNOWN,,WV,,2025-02-07 14:00:32
2025-01-17,49,NVRI01,NVR INC,UNKNOWN,,WV,43,2025-02-07 14:00:32
2025-01-17,50,NVRI01,NVR INC,UNKNOWN,,WV,43,2025-01-28 06:08:43
2025-01-17,51,VILL01,VILLAGE CONCRETE INC,UNKNOWN,,WV,,2025-02-07 14:00:32
2025-01-17,52,FOLA01,"FOLAND, H FRANK & SON INC",UNKNOWN,,WV,,2025-02-07 14:00:32
2025-01-17,53,VILL01,VILLAGE CONCRETE INC,UNKNOWN,,WV,,2025-01-16 12:16:35
2025-01-17,54,JSCC01,JSC CONCRETE CONSTRUCTION INC.,UNKNOWN,,WV,,2025-02-07 14:00:32
2025-01-17,55,C3M,COBLE CONSTRUCTION,UNKNOWN,,WV5,,2025-02-07 14:00:32
2025-01-17,56,JSCC01,JSC CONCRETE CONSTRUCTION INC.,UNKNOWN,,WV,,2025-02-07 14:00:32
2025-01-17,57,LAST01,LASTING IMPRESSIONS QUALITY CONCRETE INC,UNKNOWN,,RAN,,2025-02-07 14:00:32
2025-01-17,58,PRIO01,PRIORITY CONSTRUCTION CORP.,UNKNOWN,,0,40,2025-02-07 14:00:32
2025-01-17,59,MECI01,M E C INC,UNKNOWN,,0,,2025-01-15 11:33:47
2025-01-17,60,JUST02,"JUSTICE, JERRY EXCAVATING INC",UNKNOWN,,0,,2025-02-07 14:00:32
2025-01-17,61,AYER01,AYER CORPORATION,UNKNOWN,,PA,1,2025-02-07 14:00:32
2025-01-17,62,G&SE01,G & S ELECTRIC,UNKNOWN,,0,,2025-02-07 14:00:33
2025-01-17,63,MORG01,MORGAN-KELLER INC,UNKNOWN,,0,575,2025-02-07 14:00:33
2025-01-17,64,DUNC01,"DUNCAN, SCOTT A INC",UNKNOWN,,0,,2025-02-07 14:00:33
2025-01-17,65,NORT02,NORTH STAR FOUNDATIONS INC,UNKNOWN,,RAN,,2025-02-07 14:00:33
2025-01-17,66,C3W,"DEEL, WILLIE",UNKNOWN,,0,,2025-02-07 14:00:33
2025-01-17,67,LAST01,LASTING IMPRESSIONS QUALITY CONCRETE INC,UNKNOWN,,WV,,2025-02-07 14:00:33
2025-01-17,68,KINS01,KINSLEY CONSTRUCTION INC.,UNKNOWN,,WV,,2025-02-07 14:00:33
2025-01-17,69,HUNT05,HUNTLAKE LLC,UNKNOWN,,0,,2025-02-07 14:00:33
2025-01-17,70,C1F,PRIME CONCRETE,UNKNOWN,,0,,2025-01-16 06:48:18
2025-01-17,71,PRIO01,PRIORITY CONSTRUCTION CORP.,UNKNOWN,,0,,2025-02-07 14:00:33
2025-01-17,72,C3M,COUNTRY ROADS CONTRACTING,UNKNOWN,,WV,,2025-02-07 14:00:33
2025-01-17,73,KURT02,KURTZ CRETE,UNKNOWN,,0,,2025-02-07 14:00:33
2025-01-17,74,C1W,TWIN PINE EXTERIORS,UNKNOWN,,0,,2025-02-07 14:00:33
2025-01-17,75,LIME02,"LIMESTONE BUILDERS, LLC",UNKNOWN,,0,,2025-02-07 14:00:33
2025-01-17,76,GROV03,"GROVES, STANLEY D & SONS INC",UNKNOWN,,0,,2025-01-17 06:50:22
2025-01-17,77,MODE05,MODERN ENTERPRISES INC,UNKNOWN,,VA7,,2025-02-07 14:00:33
2025-01-17,78,C3M,COUNTRY ROADS CONTRACTING,UNKNOWN,,WV,,2025-02-07 14:00:33
2025-01-17,79,FRAN05,FRANKLIN BUILDERS INC.,UNKNOWN,,PA,57,2025-01-17 11:51:33
2025-01-17,80,FOLA01,"FOLAND, H FRANK & SON INC",UNKNOWN,,0,,2025-01-16 14:40:59
2025-01-17,81,ABCI01,"ASSOCIATED BRIGHAM CONTRACTORS, INC.",UNKNOWN,,WV,1,2025-02-07 14:00:34
2025-01-17,82,EJCO01,E & J CONTRACTORS,UNKNOWN,,0,,2025-02-07 14:00:34
2025-01-17,83,AXIS01,AXIS CONCRETE CONSTRUCTION,UNKNOWN,,0,,2025-02-07 14:00:34
2025-01-17,84,FOUR05,FOUR POINTS CONSTRUCTION CO. [WV],UNKNOWN,,WV,,2025-02-07 14:00:34
2025-01-17,85,MORG01,MORGAN-KELLER INC,UNKNOWN,,0,580,2025-02-07 14:00:34
2025-01-17,86,LONG02,LONG FENCE CO,UNKNOWN,,0,,2025-02-07 14:00:34
2025-01-17,87,DUNC01,"DUNCAN, SCOTT A INC",UNKNOWN,,0,,2025-01-16 12:19:07
2025-01-17,88,HESS04,"J. HESS GROUP, LLC",UNKNOWN,,WV,,2025-02-07 14:00:35
2025-01-17,89,JSCC01,JSC CONCRETE CONSTRUCTION INC.,UNKNOWN,,WV,,2025-01-17 08:02:52
2025-01-17,90,VILL01,VILLAGE CONCRETE INC,UNKNOWN,,WV,,2025-02-07 14:00:35
2025-01-17,91,C1F,VALLEY VIEW HOME IMP.,UNKNOWN,,0,,2025-02-07 14:00:35
2025-01-17,92,VILL01,VILLAGE CONCRETE INC,UNKNOWN,,WV,,2025-01-17 16:39:45
2025-01-17,93,C1F,CASH CUSTOMER FRM,UNKNOWN,,0,,2025-01-17 14:22:47
2025-01-17,94,ILAP01,"ILA PROPERTIES, INC.",UNKNOWN,,WV,,2025-02-07 14:00:35
2025-01-17,95,ARCO02,ARCON,UNKNOWN,,WV,1,2025-02-07 14:00:35
2025-01-17,96,FOLA01,"FOLAND, H FRANK & SON INC",UNKNOWN,,0,,2025-02-07 14:00:35
2025-01-17,97,NVRI01,NVR INC,UNKNOWN,,PA3,84,2025-02-07 14:00:35
2025-01-17,98,NORT02,NORTH STAR FOUNDATIONS INC,UNKNOWN,,RAN,,2025-02-07 14:00:35
2025-01-17,99,C1M,CREATIVE DESIGN LANDSCAPES,UNKNOWN,,WV,,2025-02-07 14:00:35
2025-01-17,100,C1M,THROUGH THE GARDEN,UNKNOWN,,HAR,,2025-02-07 14:00:35
2025-01-17,101,THOM06,THOMAS BENNETT & HUNTER INC,UNKNOWN,,0,3,2025-02-07 14:00:35
2025-01-17,102,FOUN01,FOUNDATIONS FIRST INC,UNKNOWN,,0,,2025-02-07 14:00:35
2025-01-17,103,CAGG,MD HARDSCAPES,UNKNOWN,,40,,2025-02-07 14:00:35
2025-01-17,104,H2CO01,"H2 CONSTRUCTION, INC.",UNKNOWN,,MAR,,2025-02-07 14:00:35
2025-01-17,105,SWEE02,"SWEENEY, A E MASONRY INC",UNKNOWN,,MAR,,2025-01-17 12:56:53
2025-01-17,106,PETE04,PETER & JOHN RADIO FELLOWSHIP,UNKNOWN,,0,,2025-02-07 14:00:35
2025-01-17,107,PANH01,PANHANDLE BUILDERS & EXCAVATORS INC,UNKNOWN,,WV,,2025-02-07 14:00:35
2025-01-17,108,FOLA01,"FOLAND, H FRANK & SON INC",UNKNOWN,,0,,2025-02-07 14:00:35
2025-01-17,109,HENT01,HENTZMAN CONTRACTING LLC,UNKNOWN,,0,,2025-02-07 14:00:35
2025-01-17,110,CAGG,CASH AGGREGATE SALES,UNKNOWN,,40,,2025-02-07 14:00:35
2025-01-17,111,JASO01,"JASON LAWN & LANDSCAPING, LLC",UNKNOWN,,0,,2025-02-07 14:00:35
2025-01-17,112,THOM06,THOMAS BENNETT & HUNTER INC,UNKNOWN,,0,2,2025-02-07 14:00:35
2025-01-20,1,EDGE01,EDGEWOOD ENTERPRISES LLC,UNKNOWN,,WV,47,2025-01-17 12:48:07
2025-01-20,2,VILL01,VILLAGE CONCRETE INC,UNKNOWN,,WV,,2025-02-03 08:25:26
2025-01-20,3,TREJ01,TREJO BROTHERS CONSTRUCTION LLP,UNKNOWN,,PA,,2025-01-20 06:36:17
2025-01-20,4,NVRI01,NVR INC,UNKNOWN,,PA,87,2025-01-20 06:40:43
2025-01-20,5,NVRI01,NVR INC,UNKNOWN,,PA,87,2025-01-20 06:41:58
2025-01-20,6,ABCI01,"ASSOCIATED BRIGHAM CONTRACTORS, INC.",UNKNOWN,,WV,1,2025-01-20 10:21:07
2025-01-20,7,GROV03,"GROVES, STANLEY D & SONS INC",UNKNOWN,,0,,2025-01-28 10:07:07
2025-01-20,8,EDGE01,EDGEWOOD ENTERPRISES LLC,UNKNOWN,,WV,67,2025-01-20 09:12:58
2025-01-20,9,JSCC01,JSC CONCRETE CONSTRUCTION INC.,UNKNOWN,,WV,,2025-01-20 06:44:17
2025-01-20,10,BERK01,BERKEL & CO CONTRACTORS INC,UNKNOWN,,0,6,2025-01-20 12:45:07
2025-01-20,11,BREC01,BRECHBILL & HELMAN CONSTR CO INC,UNKNOWN,,PA,25,2025-01-20 12:45:18
2025-01-20,12,C1F,CASH CUSTOMER FRM,UNKNOWN,,0,,2025-01-20 14:48:34
2025-01-20,13,PLEA03,"PLEASANTS CONSTRUCTION, INC.",UNKNOWN,,VA5,,2025-01-22 14:46:14
2025-01-20,14,B&SH01,B&S HAULING,UNKNOWN,,0,,2025-02-07 14:00:35
2025-01-21,1,NVRI01,NVR INC,UNKNOWN,,WV,71,2025-01-20 11:46:05
2025-01-21,2,JSCC01,JSC CONCRETE CONSTRUCTION INC.,UNKNOWN,,CHA,,2025-01-21 06:32:14
2025-01-21,3,VILL01,VILLAGE CONCRETE INC,UNKNOWN,,WV,,2025-01-21 07:27:16
2025-01-21,4,BERK01,BERKEL & CO CONTRACTORS INC,UNKNOWN,,0,6,2025-01-21 13:11:26
2025-01-21,5,NVRI01,NVR INC,UNKNOWN,,PA,87,2025-01-21 08:22:23
2025-01-21,6,NVRI01,NVR INC,UNKNOWN,,PA,87,2025-01-21 08:23:59
2025-01-21,7,REGI02,"REGION CONSTRUCTION, INC.",UNKNOWN,,0,2,2025-01-21 13:11:35
2025-01-21,8,MORT01,MORTON BUILDINGS,UNKNOWN,,5,,2025-01-20 06:57:42
2025-01-21,9,C1F,CASH CUSTOMER FRM,UNKNOWN,,0,,2025-01-21 15:01:04
2025-01-21,10,BILF01,BILFINGER INDUSTRIAL SERVICES INC.,UNKNOWN,,WV,,2025-01-21 09:43:39
2025-01-22,1,JSCC01,JSC CONCRETE CONSTRUCTION INC.,UNKNOWN,,WV,,2025-01-21 10:46:16
2025-01-22,2,REGI02,"REGION CONSTRUCTION, INC.",UNKNOWN,,0,2,2025-01-22 14:44:00
2025-01-22,3,BERK01,BERKEL & CO CONTRACTORS INC,UNKNOWN,,0,6,2025-01-22 10:03:28
2025-01-22,4,VILL01,VILLAGE CONCRETE INC,UNKNOWN,,WV,,2025-01-22 07:09:19
2025-01-22,5,BILF01,BILFINGER INDUSTRIAL SERVICES INC.,UNKNOWN,,WV,,2025-02-07 14:00:36
2025-01-22,6,C1F,CASH CUSTOMER FRM,UNKNOWN,,0,,2025-01-22 15:33:38
2025-01-22,7,VILL01,VILLAGE CONCRETE INC,UNKNOWN,,WV,,2025-01-22 07:09:55
2025-01-22,8,GLOB05,GLOBAL HEAVY CORP,UNKNOWN,,WV,1,2025-01-22 11:00:24
2025-01-22,9,EDGE01,EDGEWOOD ENTERPRISES LLC,UNKNOWN,,WV,47,2025-01-22 09:28:00
2025-01-23,1,GLBI01,GLB INC,UNKNOWN,,0,74,2025-01-21 09:13:54
2025-01-23,2,AYER01,AYER CORPORATION,UNKNOWN,,PA,1,2025-01-21 14:24:49
2025-01-23,3,EDGE01,EDGEWOOD ENTERPRISES LLC,UNKNOWN,,WV,47,2025-02-07 14:00:36
2025-01-23,4,MORT01,MORTON BUILDINGS,UNKNOWN,,5,,2025-02-07 14:00:36
2025-01-23,5,REGI02,"REGION CONSTRUCTION, INC.",UNKNOWN,,0,2,2025-02-07 14:00:36
2025-01-23,6,BERK01,BERKEL & CO CONTRACTORS INC,UNKNOWN,,0,6,2025-01-23 12:19:48
2025-01-23,7,WEST11,WESTERN MARYLAND CONCRETE INC,UNKNOWN,,0,,2025-01-21 11:34:59
2025-01-23,8,ROMM01,ROMMEL ENGINEERING & CONSTR INC,UNKNOWN,,0,,2025-01-23 09:21:32
2025-01-23,9,DEGR01,DEGRANGE CONCRETE,UNKNOWN,,0,,2025-01-23 08:04:09
2025-01-23,10,EDGE01,EDGEWOOD ENTERPRISES LLC,UNKNOWN,,WV,67,2025-02-07 14:00:36
2025-01-23,11,DREN01,"DRENNER, D A CONCRETE",UNKNOWN,,0,29,2025-01-22 07:23:40
2025-01-23,12,MORG01,MORGAN-KELLER INC,UNKNOWN,,0,580,2025-01-22 12:21:49
2025-01-23,13,JSCC01,JSC CONCRETE CONSTRUCTION INC.,UNKNOWN,,CHA,,2025-01-23 12:58:39
2025-01-23,14,ABCI01,"ASSOCIATED BRIGHAM CONTRACTORS, INC.",UNKNOWN,,WV,1,2025-01-22 10:47:38
2025-01-23,15,NVRI01,NVR INC,UNKNOWN,,PA,87,2025-01-23 09:09:16
2025-01-23,16,NVRI01,NVR INC,UNKNOWN,,PA3,84,2025-02-07 14:00:36
2025-01-23,17,JSCC01,JSC CONCRETE CONSTRUCTION INC.,UNKNOWN,,WV,,2025-01-24 07:56:08
2025-01-23,18,GLOB05,GLOBAL HEAVY CORP,UNKNOWN,,WV,1,2025-01-22 06:15:58
2025-01-23,19,VILL01,VILLAGE CONCRETE INC,UNKNOWN,,WV,,2025-02-07 14:00:36
2025-01-23,20,VILL01,VILLAGE CONCRETE INC,UNKNOWN,,WV,,2025-02-07 14:00:36
2025-01-23,21,JC2001,JC 2017,UNKNOWN,,WV,,2025-01-23 07:17:02
2025-01-23,22,VILL01,VILLAGE CONCRETE INC,UNKNOWN,,WV,,2025-01-23 06:16:14
2025-01-23,23,GIOR01,"GIORDANO CONSTRUCTION CO., INC.",UNKNOWN,,WV,1,2025-01-23 11:03:05
2025-01-23,24,MORG01,MORGAN-KELLER INC,UNKNOWN,,HAR,577,2025-02-07 14:00:36
2025-01-23,25,EDGE01,EDGEWOOD ENTERPRISES LLC,UNKNOWN,,WV,47,2025-01-22 09:29:15
2025-01-23,26,FRED01,FREDERICK CONCRETE CO INC,UNKNOWN,,0,84,2025-01-22 14:05:33
2025-01-23,27,LONG02,LONG FENCE CO,UNKNOWN,,0,,2025-01-23 08:28:50
2025-01-23,28,PLEA03,"PLEASANTS CONSTRUCTION, INC.",UNKNOWN,,VA5,,2025-02-07 14:00:36
2025-01-23,29,C1F,CASH CUSTOMER FRM,UNKNOWN,,0,,2025-01-23 14:59:46
2025-01-23,30,JOUR01,"JOURNEY CONSTRUCTION, INC.",UNKNOWN,,0,,2025-02-07 14:00:36
2025-01-23,31,NVRI01,NVR INC,UNKNOWN,,WV,71,2025-01-23 10:30:35
2025-01-23,32,NVRI01,NVR INC,UNKNOWN,,WV,71,2025-01-23 10:31:11
2025-01-23,33,VILL01,VILLAGE CONCRETE INC,UNKNOWN,,0,,2025-02-07 14:00:36
2025-01-23,34,THOM06,THOMAS BENNETT & HUNTER INC,UNKNOWN,,TBH,,2025-02-07 14:00:36
2025-01-24,1,KINS01,KINSLEY CONSTRUCTION INC.,UNKNOWN,,0,88,2025-01-22 08:48:48
2025-01-24,2,GLBI01,GLB INC,UNKNOWN,,0,74,2025-01-22 09:46:40
2025-01-24,3,C3W,LYNCH & SON CONCRETE,UNKNOWN,,3,,2025-01-23 11:52:58
2025-01-24,4,DREN01,"DRENNER, D A CONCRETE",UNKNOWN,,0,29,2025-01-22 07:24:44
2025-01-24,5,SWEE02,"SWEENEY, A E MASONRY INC",UNKNOWN,,MAR,,2025-01-24 06:58:16
2025-01-24,6,BERK01,BERKEL & CO CONTRACTORS INC,UNKNOWN,,0,6,2025-02-07 14:00:36
2025-01-24,7,REGI02,"REGION CONSTRUCTION, INC.",UNKNOWN,,0,2,2025-02-07 14:00:37
2025-01-24,8,ROMM01,ROMMEL ENGINEERING & CONSTR INC,UNKNOWN,,0,,2025-01-24 06:16:05
2025-01-24,9,NVRI01,NVR INC,UNKNOWN,,PA,87,2025-02-07 14:00:37
2025-01-24,10,NVRI01,NVR INC,UNKNOWN,,PA,87,2025-02-07 14:00:37
2025-01-24,11,NVRI01,NVR INC,UNKNOWN,,PA3,84,2025-02-07 14:00:37
2025-01-24,12,EDGE01,EDGEWOOD ENTERPRISES LLC,UNKNOWN,,WV,67,2025-02-07 14:00:37
2025-01-24,13,NVRI01,NVR INC,UNKNOWN,,WV,71,2025-01-23 10:27:01
2025-01-24,14,WEST11,WESTERN MARYLAND CONCRETE INC,UNKNOWN,,PA,2,2025-02-07 14:00:37
2025-01-24,15,MORG01,MORGAN-KELLER INC,UNKNOWN,,0,580,2025-02-07 14:00:37
2025-01-24,16,C1W,PEQUEA MOBILE HOME SERVICES,UNKNOWN,,0,,2025-01-24 13:32:23
2025-01-24,17,STON09,STONEY RIDGE MASONRY,UNKNOWN,,0,2,2025-02-07 14:00:37
2025-01-24,18,WEST11,WESTERN MARYLAND CONCRETE INC,UNKNOWN,,0,,2025-02-07 14:00:37
2025-01-24,19,AYER01,AYER CORPORATION,UNKNOWN,,PA,1,2025-02-07 14:00:37
2025-01-24,20,C3W,"DEEL, WILLIE",UNKNOWN,,0,,2025-02-07 14:00:38
2025-01-24,21,EDGE01,EDGEWOOD ENTERPRISES LLC,UNKNOWN,,0,61,2025-02-07 14:00:38
2025-01-24,22,FRED01,FREDERICK CONCRETE CO INC,UNKNOWN,,0,84,2025-02-07 14:00:38
2025-01-24,23,C1W,STRATEGIC FACTO,UNKNOWN,,0,,2025-02-07 14:00:38
2025-01-24,24,WAYN02,WAYNESBORO CONSTRUCTION CO,UNKNOWN,,0,98,2025-01-24 06:57:21
2025-01-24,25,C2F,ALWAYS WATERPROOFING,UNKNOWN,,0,,2025-02-07 14:00:38
2025-01-24,26,MORG01,MORGAN-KELLER INC,UNKNOWN,,HAR,577,2025-02-07 14:00:38
2025-01-24,27,LONG02,LONG FENCE CO,UNKNOWN,,0,,2025-02-07 14:00:38
2025-01-24,28,NVRI01,NVR INC,UNKNOWN,,WV,71,2025-01-27 07:56:58
2025-01-24,29,NVRI01,NVR INC,UNKNOWN,,WV,71,2025-02-07 14:00:38
2025-01-24,30,WEST11,WESTERN MARYLAND CONCRETE INC,UNKNOWN,,PA,,2025-02-07 14:00:38
2025-01-24,31,NVRI01,NVR INC,UNKNOWN,,WV,71,2025-02-07 14:00:38
2025-01-24,32,AVID01,"AVID SERVICES, LLC",UNKNOWN,,0,18,2025-01-24 06:53:29
2025-01-24,33,GIOR01,"GIORDANO CONSTRUCTION CO., INC.",UNKNOWN,,WV,1,2025-02-07 14:00:38
2025-01-24,34,PLEA03,"PLEASANTS CONSTRUCTION, INC.",UNKNOWN,,VA5,,2025-02-07 14:00:38
2025-01-24,35,HESS04,"J. HESS GROUP, LLC",UNKNOWN,,WV,,2025-02-07 14:00:38
2025-01-24,36,C1M,AQUATIC SOLUTIONS,UNKNOWN,,WV,,2025-02-07 14:00:38
2025-01-24,37,C1F,CASH CUSTOMER FRM,UNKNOWN,,0,,2025-01-24 15:13:47
2025-01-24,38,JOUR01,"JOURNEY CONSTRUCTION, INC.",UNKNOWN,,0,,2025-02-07 14:00:38
2025-01-24,39,NVRI01,NVR INC,UNKNOWN,,PA3,84,2025-02-07 14:00:38
2025-01-24,40,VILL01,VILLAGE CONCRETE INC,UNKNOWN,,0,,2025-01-24 08:02:15
2025-01-24,41,EDGE01,EDGEWOOD ENTERPRISES LLC,UNKNOWN,,WV,47,2025-02-07 14:00:39
2025-01-24,42,NVRI01,NVR INC,UNKNOWN,,PA3,84,2025-02-07 14:00:39
2025-01-24,43,EDGE01,EDGEWOOD ENTERPRISES LLC,UNKNOWN,,WV,47,2025-02-07 14:00:39
2025-01-24,44,MULL05,"MULLER, SAMUEL B.",UNKNOWN,,40,,2025-02-07 14:00:39
2025-01-24,45,JSCC01,JSC CONCRETE CONSTRUCTION INC.,UNKNOWN,,WV,,2025-01-24 09:18:21
2025-01-24,46,HUNT02,"HUNTZBERRY BROTHERS, INC",UNKNOWN,,VA9,,2025-02-07 14:00:39
2025-01-24,47,NVRI01,NVR INC,UNKNOWN,,0,24,2025-02-07 14:00:39
2025-01-24,48,NVRI01,NVR INC,UNKNOWN,,0,24,2025-02-07 14:00:39
2025-01-24,49,THOM06,THOMAS BENNETT & HUNTER INC,UNKNOWN,,0,1,2025-02-07 14:00:39
2025-01-27,1,SMIT01,"SMITH, KEITH D CONCRETE CONSTR",UNKNOWN,,0,35,2025-01-28 05:46:58
2025-01-27,2,C1W,PEQUEA MOBILE HOME SERVICES,UNKNOWN,,0,,2025-01-27 09:48:47
2025-01-27,3,DREN01,"DRENNER, D A CONCRETE",UNKNOWN,,0,29,2025-02-07 14:00:39
2025-01-27,4,KINS01,KINSLEY CONSTRUCTION INC.,UNKNOWN,,0,88,2025-02-07 14:00:39
2025-01-27,5,GLBI01,GLB INC,UNKNOWN,,0,74,2025-02-07 14:00:39
2025-01-27,6,AYER01,AYER CORPORATION,UNKNOWN,,PA,1,2025-02-07 14:00:40
2025-01-27,7,VILL01,VILLAGE CONCRETE INC,UNKNOWN,,WV,,2025-02-07 14:00:40
2025-01-27,8,DEGR01,DEGRANGE CONCRETE,UNKNOWN,,0,,2025-02-07 14:00:40
2025-01-27,9,NVRI01,NVR INC,UNKNOWN,,PA,87,2025-02-07 14:00:40
2025-01-27,10,NVRI01,NVR INC,UNKNOWN,,PA3,84,2025-01-24 13:52:36
2025-01-27,11,NVRI01,NVR INC,UNKNOWN,,PA,87,2025-02-07 14:00:40
2025-01-27,12,NVRI01,NVR INC,UNKNOWN,,PA3,84,2025-02-07 14:00:40
2025-01-27,13,ROMM01,ROMMEL ENGINEERING & CONSTR INC,UNKNOWN,,0,55,2025-02-07 14:00:40
2025-01-27,14,ABCI01,"ASSOCIATED BRIGHAM CONTRACTORS, INC.",UNKNOWN,,WV,1,2025-02-07 14:00:41
2025-01-27,15,WEST11,WESTERN MARYLAND CONCRETE INC,UNKNOWN,,0,,2025-02-07 14:00:41
2025-01-27,16,FRED01,FREDERICK CONCRETE CO INC,UNKNOWN,,0,84,2025-01-27 08:03:36
2025-01-27,17,AVID01,"AVID SERVICES, LLC",UNKNOWN,,0,18,2025-02-07 14:00:41
2025-01-27,18,SWEE02,"SWEENEY, A E MASONRY INC",UNKNOWN,,MAR,,2025-02-07 14:00:41
2025-01-27,19,JOUR01,"JOURNEY CONSTRUCTION, INC.",UNKNOWN,,0,,2025-01-27 06:13:49
2025-01-27,20,REYE03,"REYES, ONEY",UNKNOWN,,WV,,2025-02-07 14:00:41
2025-01-27,21,JSCC01,JSC CONCRETE CONSTRUCTION INC.,UNKNOWN,,WV,,2025-02-07 14:00:41
2025-01-27,22,HENR05,"HENRY, JAMES",UNKNOWN,,WV,,2025-02-07 14:00:42
2025-01-27,23,JSCC01,JSC CONCRETE CONSTRUCTION INC.,UNKNOWN,,WV,,2025-02-07 14:00:42
2025-01-27,24,GIOR01,"GIORDANO CONSTRUCTION CO., INC.",UNKNOWN,,WV,1,2025-02-07 14:00:42
2025-01-27,25,EDGE01,EDGEWOOD ENTERPRISES LLC,UNKNOWN,,WV,47,2025-02-07 14:00:42
2025-01-27,26,VILL01,VILLAGE CONCRETE INC,UNKNOWN,,0,,2025-01-27 13:22:06
2025-01-27,27,JSCC01,JSC CONCRETE CONSTRUCTION INC.,UNKNOWN,,CHA,,2025-01-27 11:19:15
2025-01-27,28,JSCC01,JSC CONCRETE CONSTRUCTION INC.,UNKNOWN,,WV,,2025-02-07 14:00:42
2025-01-27,29,JSCC01,JSC CONCRETE CONSTRUCTION INC.,UNKNOWN,,WV,,2025-02-07 14:00:42
2025-01-27,30,MARK02,MARKSMEN CO INC,UNKNOWN,,0,8,2025-02-07 14:00:42
2025-01-27,31,C3M,E.A.C. CONSTRUCTION,UNKNOWN,,WV,,2025-02-07 14:00:42
2025-01-27,32,WEST11,WESTERN MARYLAND CONCRETE INC,UNKNOWN,,PA,,2025-02-07 14:00:42
2025-01-27,33,LANC05,"LANCASTER POLE BUILDINGS, INC.",UNKNOWN,,0,,2025-01-27 12:44:14
2025-01-27,34,H2CO01,"H2 CONSTRUCTION, INC.",UNKNOWN,,MAR,,2025-02-07 14:00:42
2025-01-27,35,BREC01,BRECHBILL & HELMAN CONSTR CO INC,UNKNOWN,,PA,25,2025-02-07 14:00:42
2025-01-27,36,LONG02,LONG FENCE CO,UNKNOWN,,0,,2025-02-07 14:00:43
2025-01-27,37,VILL01,VILLAGE CONCRETE INC,UNKNOWN,,WV,,2025-01-27 06:36:03
2025-01-27,38,LONG02,LONG FENCE CO,UNKNOWN,,0,,2025-02-07 14:00:43
2025-01-27,39,PRIO01,PRIORITY CONSTRUCTION CORP.,UNKNOWN,,0,40,2025-02-07 14:00:43
2025-01-27,40,C1H,"LOPEZ, JOSE",UNKNOWN,,0,,2025-01-27 06:16:12
2025-01-27,41,C1W,PEQUEA MOBILE HOME SERVICES,UNKNOWN,,0,,2025-01-27 09:48:02
2025-01-27,42,NVRI01,NVR INC,UNKNOWN,,PA,87,2025-02-07 14:00:43
2025-01-27,43,ILAP01,"ILA PROPERTIES, INC.",UNKNOWN,,WV,,2025-01-27 08:13:45
2025-01-27,44,C1F,CASH CUSTOMER FRM,UNKNOWN,,0,,2025-01-27 15:25:46
2025-01-27,45,REGI02,"REGION CONSTRUCTION, INC.",UNKNOWN,,0,2,2025-02-07 14:00:43
2025-01-27,46,STAR02,"STAR CONCRETE FOUNDATIONS, INC",UNKNOWN,,WV,,2025-01-27 13:48:19
2025-01-27,47,BRAN01,BRANDENBURG ELECTRIC INC,UNKNOWN,,0,,2025-02-07 14:00:43
2025-01-27,48,C3W,CHAPMAN SERVICES,UNKNOWN,,0,,2025-01-27 09:13:54
2025-01-27,49,CAGG,CASH AGGREGATE SALES,UNKNOWN,,40,,2025-02-07 14:00:43
2025-01-27,50,RFTS01,"R.F.T. SERVICES, LLC",UNKNOWN,,40,,2025-02-07 14:00:43
2025-01-27,51,MILL19,"MILLER, DWIGHT",UNKNOWN,,0,6,2025-02-07 14:00:43
2025-01-27,52,C2CO01,C2 CONCRETE LLC,UNKNOWN,,PA4,,2025-02-07 14:00:43
2025-01-27,53,CAGG,MOAT,UNKNOWN,,40,,2025-02-07 14:00:43
2025-01-27,54,EDGE01,EDGEWOOD ENTERPRISES LLC,UNKNOWN,,0,,2025-02-07 14:00:43
2025-01-27,55,DOUB03,DOUBLE D ENTERPRISES,UNKNOWN,,40,,2025-02-07 14:00:43
2025-01-27,56,DORS06,DORSEY CONSTRUCTION SERVICES,UNKNOWN,,40,,2025-02-07 14:00:43
2025-01-28,1,DREN01,"DRENNER, D A CONCRETE",UNKNOWN,,0,29,2025-01-27 09:27:51
2025-01-28,2,GLBI01,GLB INC,UNKNOWN,,0,74,2025-01-27 07:54:11
2025-01-28,3,GLOB05,GLOBAL HEAVY CORP,UNKNOWN,,WV,1,2025-02-07 14:00:43
2025-01-28,4,C3W,LYNCH & SON CONCRETE,UNKNOWN,,3,,2025-02-07 14:00:43
2025-01-28,5,AVID01,"AVID SERVICES, LLC",UNKNOWN,,0,18,2025-02-07 14:00:43
2025-01-28,6,WAYN02,WAYNESBORO CONSTRUCTION CO,UNKNOWN,,0,98,2025-02-07 14:00:43
2025-01-28,7,AXIS01,AXIS CONCRETE CONSTRUCTION,UNKNOWN,,0,,2025-02-07 14:00:43
2025-01-28,8,C3W,MOAT,UNKNOWN,,0,,2025-01-27 10:23:58
2025-01-28,9,EDGE01,EDGEWOOD ENTERPRISES LLC,UNKNOWN,,WV,47,2025-02-07 14:00:43
2025-01-28,10,COGA01,PHIL COGAR EXCAVATING LLC,UNKNOWN,,WV,,2025-02-07 14:00:43
2025-01-28,11,KIRB02,KIRBY'S CUSTOM CONCRETE LLC,UNKNOWN,,WV,,2025-01-27 13:50:03
2025-01-28,12,GIOR01,"GIORDANO CONSTRUCTION CO., INC.",UNKNOWN,,WV,1,2025-02-07 14:00:44
2025-01-28,13,HESS04,"J. HESS GROUP, LLC",UNKNOWN,,WV,,2025-02-07 14:00:44
2025-01-28,14,BRAG01,BRAGUNIER MASONRY CONTRACTORS INC,UNKNOWN,,WV,66,2025-01-28 10:06:57
2025-01-28,15,EDGE01,EDGEWOOD ENTERPRISES LLC,UNKNOWN,,WV,67,2025-02-07 14:00:44
2025-01-28,16,JSCC01,JSC CONCRETE CONSTRUCTION INC.,UNKNOWN,,WV,,2025-02-07 14:00:44
2025-01-28,17,JSCC01,JSC CONCRETE CONSTRUCTION INC.,UNKNOWN,,WV,,2025-02-07 14:00:44
2025-01-28,18,STAR02,"STAR CONCRETE FOUNDATIONS, INC",UNKNOWN,,WV,,2025-02-07 14:00:44
2025-01-28,19,NVRI01,NVR INC,UNKNOWN,,PA,87,2025-02-07 14:00:44
2025-01-28,20,NVRI01,NVR INC,UNKNOWN,,PA3,84,2025-02-07 14:00:44
2025-01-28,21,MILL19,"MILLER, DWIGHT",UNKNOWN,,0,6,2025-02-07 14:00:45
2025-01-28,22,NVRI01,NVR INC,UNKNOWN,,PA,87,2025-01-28 07:24:49
2025-01-28,23,NVRI01,NVR INC,UNKNOWN,,PA,87,2025-01-28 07:27:25
2025-01-28,24,ORCH01,ORCHARD HOLLOW CONSTRUCTION,UNKNOWN,,0,,2025-02-07 14:00:45
2025-01-28,25,JOUR01,"JOURNEY CONSTRUCTION, INC.",UNKNOWN,,0,,2025-02-07 14:00:45
2025-01-28,26,HENS01,HENSON & SON INC,UNKNOWN,,0,,2025-02-07 14:00:45
2025-01-28,27,HENS01,HENSON & SON INC,UNKNOWN,,0,,2025-02-07 14:00:45
2025-01-28,28,MIMC01,MIM CONSTRUCTION INC.,UNKNOWN,,0,24,2025-02-07 14:00:45
2025-01-28,29,REGI02,"REGION CONSTRUCTION, INC.",UNKNOWN,,0,2,2025-02-07 14:00:45
2025-01-28,30,VILL01,VILLAGE CONCRETE INC,UNKNOWN,,WV,,2025-01-28 07:02:57
2025-01-28,31,EDGE01,EDGEWOOD ENTERPRISES LLC,UNKNOWN,,0,45,2025-02-07 14:00:45
2025-01-28,32,MTCI01,"MARK'S TANK CLEANING, INC.",UNKNOWN,,0,,2025-02-07 14:00:45
2025-01-28,33,C2F,J & W CONSTRUCTION,UNKNOWN,,0,,2025-02-07 14:00:45
2025-01-28,34,SODY01,"SODY CONCRETE CONSTRUCTION, INC.",UNKNOWN,,0,14,2025-02-07 14:00:45
2025-01-28,35,STAM09,STAMPED CONCRETE WORKS LLC,UNKNOWN,,0,,2025-02-07 14:00:45
2025-01-28,36,NVRI01,NVR INC,UNKNOWN,,WV,71,2025-02-07 14:00:45
2025-01-28,37,JSCC01,JSC CONCRETE CONSTRUCTION INC.,UNKNOWN,,WV,,2025-02-07 14:00:46
2025-01-28,38,JSCC01,JSC CONCRETE CONSTRUCTION INC.,UNKNOWN,,WV,,2025-02-07 14:00:46
2025-01-28,39,FRED01,FREDERICK CONCRETE CO INC,UNKNOWN,,0,84,2025-02-07 14:00:46
2025-01-28,40,ILAP01,"ILA PROPERTIES, INC.",UNKNOWN,,WV,,2025-01-27 13:07:19
2025-01-28,41,MART35,"MARTIN, DONOVAN",UNKNOWN,,0,,2025-02-07 14:00:46
2025-01-28,42,FOUR05,FOUR POINTS CONSTRUCTION CO. [WV],UNKNOWN,,WV,,2025-02-07 14:00:46
2025-01-28,43,C3W,CHAPMAN SERVICES,UNKNOWN,,0,,2025-02-07 14:00:46
2025-01-28,44,VILL01,VILLAGE CONCRETE INC,UNKNOWN,,WV,,2025-01-28 10:40:21
2025-01-28,45,VILL01,VILLAGE CONCRETE INC,UNKNOWN,,WV,,2025-02-07 14:00:46
2025-01-28,46,C3W,MOAT,UNKNOWN,,0,,2025-02-07 14:00:46
2025-01-28,47,C2H,CASCADE PROPERTIES,UNKNOWN,,0,,2025-02-07 14:00:46
2025-01-28,48,TRIP02,TRIPLE B CONSTRUCTION,UNKNOWN,,0,,2025-01-28 09:11:21
2025-01-28,49,JSCC01,JSC CONCRETE CONSTRUCTION INC.,UNKNOWN,,CHA,,2025-02-07 14:00:46
2025-01-28,50,JSCC01,JSC CONCRETE CONSTRUCTION INC.,UNKNOWN,,CHA,,2025-02-07 14:00:46
2025-01-28,51,LONG02,LONG FENCE CO,UNKNOWN,,0,,2025-01-28 06:04:45
2025-01-28,52,H2CO01,"H2 CONSTRUCTION, INC.",UNKNOWN,,MAR,,2025-02-07 14:00:46
2025-01-28,53,PANH01,PANHANDLE BUILDERS & EXCAVATORS INC,UNKNOWN,,WV,,2025-02-07 14:00:46
2025-01-28,54,LANC05,"LANCASTER POLE BUILDINGS, INC.",UNKNOWN,,0,,2025-01-31 10:59:05
2025-01-28,55,VILL01,VILLAGE CONCRETE INC,UNKNOWN,,0,,2025-02-07 14:00:46
2025-01-28,56,VILL01,VILLAGE CONCRETE INC,UNKNOWN,,WV,,2025-02-07 14:00:47
2025-01-28,57,FOLA01,"FOLAND, H FRANK & SON INC",UNKNOWN,,0,,2025-01-30 11:00:11
2025-01-28,58,STAR02,"STAR CONCRETE FOUNDATIONS, INC",UNKNOWN,,WV,,2025-02-07 14:00:47
2025-01-28,59,C1W,MARTINEZ CONCRETE,UNKNOWN,,0,,2025-02-07 14:00:47
2025-01-28,60,FOLA01,"FOLAND, H FRANK & SON INC",UNKNOWN,,0,,2025-01-28 14:09:01
2025-01-28,61,FOLA01,"FOLAND, H FRANK & SON INC",UNKNOWN,,0,,2025-02-07 14:00:47
2025-01-28,62,BRAN01,BRANDENBURG ELECTRIC INC,UNKNOWN,,0,,2025-02-07 14:00:47
2025-01-28,63,C1F,CASH CUSTOMER FRM,UNKNOWN,,0,,2025-01-28 13:37:11
2025-01-28,64,COST03,"L. R. COSTANZO COMPANY, INC.",UNKNOWN,,WV,25,2025-02-07 14:00:47
2025-01-28,65,DIVE01,DIVERSIFIED APPLICATIONS,UNKNOWN,,0,,2025-02-07 14:00:47
2025-01-28,66,PANH01,PANHANDLE BUILDERS & EXCAVATORS INC,UNKNOWN,,WV,,2025-02-07 14:00:47
2025-01-28,67,NVRI01,NVR INC,UNKNOWN,,PA,87,2025-02-07 14:00:47
2025-01-28,68,CAGG,MD HARDSCAPE,UNKNOWN,,40,,2025-02-07 14:00:47
2025-01-28,69,MORG01,MORGAN-KELLER INC,UNKNOWN,,0,580,2025-02-07 14:00:47
2025-01-28,70,COBL02,COBLENTZ TRUCKING,UNKNOWN,,40,,2025-02-07 14:00:47
2025-01-28,71,TRIP02,TRIPLE B CONSTRUCTION,UNKNOWN,,0,,2025-02-07 14:00:47
2025-01-28,72,REGI02,"REGION CONSTRUCTION, INC.",UNKNOWN,,0,2,2025-02-07 14:00:47
2025-01-28,73,JSCC01,JSC CONCRETE CONSTRUCTION INC.,UNKNOWN,,WV,,2025-02-07 14:00:47
2025-01-28,74,C1H,"NAYLOR, TIM",UNKNOWN,,5,,2025-02-07 14:00:47
2025-01-28,75,PATT02,PATTON HOMES,UNKNOWN,,0,,2025-02-07 14:00:47
2025-01-28,76,STON10,STONE CONCRETE,UNKNOWN,,MAR,,2025-02-07 14:00:47
2025-01-28,77,CAGG,MOAT,UNKNOWN,,40,,2025-02-07 14:00:47
2025-01-29,1,JC2001,JC 2017,UNKNOWN,,WV,,2025-01-27 06:18:36
2025-01-29,2,GULL01,GULL CORPORATION,UNKNOWN,,VA5,,2025-01-27 15:39:23
2025-01-29,3,AXIS01,AXIS CONCRETE CONSTRUCTION,UNKNOWN,,0,,2025-01-28 07:46:00
2025-01-29,4,SUPE02,SUPERIOR SHOTCRETE INC,UNKNOWN,,0,,2025-01-28 10:23:36
2025-01-29,5,ARCO02,ARCON,UNKNOWN,,WV,1,2025-01-28 08:41:28
2025-01-29,6,GLOB05,GLOBAL HEAVY CORP,UNKNOWN,,WV,1,2025-02-07 14:00:48
2025-01-29,7,JC2001,JC 2017,UNKNOWN,,WV,,2025-02-07 14:00:48
2025-01-29,8,PLOT01,"PLOTNER, ALLEN W",UNKNOWN,,WV,,2025-02-07 14:00:48
2025-01-29,9,BRAG01,BRAGUNIER MASONRY CONTRACTORS INC,UNKNOWN,,WV,66,2025-02-07 14:00:48
2025-01-29,10,EDGE01,EDGEWOOD ENTERPRISES LLC,UNKNOWN,,WV,67,2025-02-07 14:00:48
2025-01-29,11,JSCC01,JSC CONCRETE CONSTRUCTION INC.,UNKNOWN,,WV,,2025-01-28 12:24:02
2025-01-29,12,JSCC01,JSC CONCRETE CONSTRUCTION INC.,UNKNOWN,,WV,,2025-01-29 07:43:57
2025-01-29,13,JSCC01,JSC CONCRETE CONSTRUCTION INC.,UNKNOWN,,CHA,,2025-01-30 06:07:29
2025-01-29,14,JSCC01,JSC CONCRETE CONSTRUCTION INC.,UNKNOWN,,WV,,2025-02-07 14:00:48
2025-01-29,15,AYER01,AYER CORPORATION,UNKNOWN,,PA,1,2025-01-27 14:23:58
2025-01-29,16,C1H,"LOPEZ, JOSE",UNKNOWN,,0,,2025-01-29 11:29:44
2025-01-29,17,ORCH01,ORCHARD HOLLOW CONSTRUCTION,UNKNOWN,,0,,2025-01-28 12:31:00
2025-01-29,18,HENS01,HENSON & SON INC,UNKNOWN,,0,,2025-02-07 14:00:48
2025-01-29,19,HENS01,HENSON & SON INC,UNKNOWN,,0,,2025-02-07 14:00:48
2025-01-29,20,MIMC01,MIM CONSTRUCTION INC.,UNKNOWN,,0,24,2025-02-07 14:00:48
2025-01-29,21,REGI02,"REGION CONSTRUCTION, INC.",UNKNOWN,,0,2,2025-02-07 14:00:48
2025-01-29,22,KINS01,KINSLEY CONSTRUCTION INC.,UNKNOWN,,WV,92,2025-01-29 07:35:40
2025-01-29,23,SWEE02,"SWEENEY, A E MASONRY INC",UNKNOWN,,MAR,,2025-02-07 14:00:49
2025-01-29,24,ULTI03,ULTIMATE SHOTCRETE & STEEL LLC,UNKNOWN,,3,,2025-02-07 14:00:49
2025-01-29,25,GIOR01,"GIORDANO CONSTRUCTION CO., INC.",UNKNOWN,,WV,1,2025-02-07 14:00:49
2025-01-29,26,C1W,KME CONSTRUCTION,UNKNOWN,,4,,2025-02-07 14:00:49
2025-01-29,27,PSVC01,PSV CONSTRUCTION LLC,UNKNOWN,,PA,,2025-02-07 14:00:49
2025-01-29,28,AYER01,AYER CORPORATION,UNKNOWN,,PA,1,2025-02-07 14:00:49
2025-01-29,29,HETZ01,"HETZER, C W INC",UNKNOWN,,0,126,2025-02-07 14:00:49
2025-01-29,30,CROU02,"CROUSE CONCRETE, LLC",UNKNOWN,,VA3,2,2025-02-07 14:00:49
2025-01-29,31,PANH01,PANHANDLE BUILDERS & EXCAVATORS INC,UNKNOWN,,WV,,2025-02-07 14:00:49
2025-01-29,32,ILAP01,"ILA PROPERTIES, INC.",UNKNOWN,,WV,,2025-01-30 14:41:15
2025-01-29,33,ILAP01,"ILA PROPERTIES, INC.",UNKNOWN,,WV,,2025-01-28 15:40:42
2025-01-29,34,SODY01,"SODY CONCRETE CONSTRUCTION, INC.",UNKNOWN,,0,13,2025-02-07 14:00:49
2025-01-29,35,KIRB02,KIRBY'S CUSTOM CONCRETE LLC,UNKNOWN,,WV,,2025-02-07 14:00:49
2025-01-29,36,LONG02,LONG FENCE CO,UNKNOWN,,0,,2025-02-07 14:00:49
2025-01-29,37,EDGE01,EDGEWOOD ENTERPRISES LLC,UNKNOWN,,0,45,2025-02-07 14:00:50
2025-01-29,38,MORG01,MORGAN-KELLER INC,UNKNOWN,,0,583,2025-02-07 14:00:50
2025-01-29,39,PRIO01,PRIORITY CONSTRUCTION CORP.,UNKNOWN,,0,,2025-02-07 14:00:50
2025-01-29,40,WEST11,WESTERN MARYLAND CONCRETE INC,UNKNOWN,,0,,2025-02-07 14:00:50
2025-01-29,41,SMIT01,"SMITH, KEITH D CONCRETE CONSTR",UNKNOWN,,0,35,2025-02-07 14:00:50
2025-01-29,42,LILL01,"LILLER, BRIAN (DETOUR)",UNKNOWN,,PA,,2025-02-07 14:00:51
2025-01-29,43,JCSI01,JCS COMMUNICATIONS INC,UNKNOWN,,0,,2025-02-17 06:04:34
2025-01-29,44,C1F,"BLANK, TIM",UNKNOWN,,0,,2025-02-07 14:00:51
2025-01-29,45,AVID01,"AVID SERVICES, LLC",UNKNOWN,,0,18,2025-01-29 08:23:08
2025-01-29,46,MERL01,"MERLO, INC",UNKNOWN,,0,3,2025-01-29 10:07:09
2025-01-29,47,FOLA01,"FOLAND, H FRANK & SON INC",UNKNOWN,,0,,2025-02-07 14:00:51
2025-01-29,48,FOLA01,"FOLAND, H FRANK & SON INC",UNKNOWN,,0,,2025-02-07 14:00:51
2025-01-29,49,LONG02,LONG FENCE CO,UNKNOWN,,0,,2025-01-28 06:05:32
2025-01-29,50,C3M,"PETRY, STEVE",UNKNOWN,,WV7,,2025-02-07 14:00:51
2025-01-29,51,NVRI01,NVR INC,UNKNOWN,,WV,43,2025-02-07 14:00:51
2025-01-29,52,NVRI01,NVR INC,UNKNOWN,,WV,43,2025-02-07 14:00:51
2025-01-29,53,FRED01,FREDERICK CONCRETE CO INC,UNKNOWN,,WV,95,2025-02-07 14:00:51
2025-01-29,54,MORG01,MORGAN-KELLER INC,UNKNOWN,,HAR,577,2025-02-07 14:00:51
2025-01-29,55,HESS04,"J. HESS GROUP, LLC",UNKNOWN,,WV,,2025-02-07 14:00:51
2025-01-29,56,GREY03,GREYSTAR CONSTRUCTION GROUP,UNKNOWN,,SHE,1,2025-02-07 14:00:51
2025-01-29,57,FRED01,FREDERICK CONCRETE CO INC,UNKNOWN,,WV,98,2025-01-29 12:22:51
2025-01-29,58,NVRI01,NVR INC,UNKNOWN,,PA,87,2025-02-07 14:00:51
2025-01-29,59,NVRI01,NVR INC,UNKNOWN,,PA,87,2025-02-07 14:00:51
2025-01-29,60,NVRI01,NVR INC,UNKNOWN,,PA,87,2025-02-07 14:00:51
2025-01-29,61,NVRI01,NVR INC,UNKNOWN,,PA3,84,2025-02-07 14:00:51
2025-01-29,62,RNGC01,RNG CONSTRUCTION INC,UNKNOWN,,0,9,2025-02-07 14:00:51
2025-01-29,63,VILL01,VILLAGE CONCRETE INC,UNKNOWN,,WV,,2025-01-28 13:49:43
2025-01-29,64,GREE21,"GREEN VILLAGE CONCRETE, INC.",UNKNOWN,,RAN,4,2025-02-07 14:00:51
2025-01-29,65,MIDA04,MID-ATLANTIC UTILITIES INC,UNKNOWN,,0,,2025-02-07 14:00:52
2025-01-29,66,JSCC01,JSC CONCRETE CONSTRUCTION INC.,UNKNOWN,,WV,,2025-02-07 14:00:52
2025-01-29,67,JSCC01,JSC CONCRETE CONSTRUCTION INC.,UNKNOWN,,WV,,2025-02-07 14:00:52
2025-01-29,68,LEEM01,"LEE MECHANICAL CONTRACTORS, INC.",UNKNOWN,,WV,2,2025-02-07 14:00:52
2025-01-29,69,JSCC01,JSC CONCRETE CONSTRUCTION INC.,UNKNOWN,,CHA,,2025-02-07 14:00:52
2025-01-29,70,FOLA01,"FOLAND, H FRANK & SON INC",UNKNOWN,,0,,2025-02-07 14:00:52
2025-01-29,71,PATT02,PATTON HOMES,UNKNOWN,,0,,2025-02-07 14:00:52
2025-01-29,72,GROV03,"GROVES, STANLEY D & SONS INC",UNKNOWN,,0,,2025-02-07 14:00:52
2025-01-29,73,POOL09,POOLE'S STONE & GARDEN INC,UNKNOWN,,0,,2025-02-07 14:00:52
2025-01-29,74,VILL01,VILLAGE CONCRETE INC,UNKNOWN,,WV,,2025-02-07 14:00:52
2025-01-29,75,CONC01,CONCRETE GENERAL INC,UNKNOWN,,0,,2025-01-29 09:28:35
2025-01-29,76,FRED01,FREDERICK CONCRETE CO INC,UNKNOWN,,0,93,2025-01-29 12:54:06
2025-01-29,77,C1M,NITRO CONSTRUCTION,UNKNOWN,,WV,,2025-02-07 14:00:52
2025-01-29,78,FRAN05,FRANKLIN BUILDERS INC.,UNKNOWN,,PA,57,2025-02-07 14:00:53
2025-01-29,79,NVRI01,NVR INC,UNKNOWN,,0,25,2025-01-29 09:03:30
2025-01-29,80,AC&T01,"AC&T CO., INC.",UNKNOWN,,WV,,2025-02-07 14:00:53
2025-01-29,81,NORT02,NORTH STAR FOUNDATIONS INC,UNKNOWN,,0,,2025-02-07 14:00:53
2025-01-29,82,C1F,CASH CUSTOMER FRM,UNKNOWN,,0,,2025-01-29 13:50:14
2025-01-29,83,VILL01,VILLAGE CONCRETE INC,UNKNOWN,,WV,,2025-02-07 14:00:53
2025-01-29,84,FOLA01,"FOLAND, H FRANK & SON INC",UNKNOWN,,0,,2025-02-07 14:00:53
2025-01-29,85,C3M,"PETRY,STEVE",UNKNOWN,,WV,,2025-02-07 14:00:53
2025-01-29,86,C1W,TWIN PINE EXTERIORS,UNKNOWN,,0,,2025-02-07 14:00:53
2025-01-29,87,JWBC01,JWB CONTRACTING,UNKNOWN,,MAR,,2025-02-07 14:00:53
2025-01-29,88,HORS01,HORST FENCING SRVC INC,UNKNOWN,,0,,2025-02-07 14:00:53
2025-01-29,89,C3M,"SHIREY, JIMMY",UNKNOWN,,MAR,,2025-02-07 14:00:53
2025-01-29,90,PANH01,PANHANDLE BUILDERS & EXCAVATORS INC,UNKNOWN,,WV,,2025-02-07 14:00:53
2025-01-29,91,C3W,MOAT,UNKNOWN,,0,,2025-02-07 14:00:53
2025-01-29,92,LEDF01,"LEDFORD, J. E. & SONS, INC.",UNKNOWN,,0,,2025-02-07 14:00:53
2025-01-29,93,HENT01,HENTZMAN CONTRACTING LLC,UNKNOWN,,0,,2025-02-07 14:00:53
2025-01-29,94,FRED01,FREDERICK CONCRETE CO INC,UNKNOWN,,SHE,100,2025-02-07 14:00:53
2025-01-29,95,JENN02,"CS JENNINGS CONSTRUCTION, INC.",UNKNOWN,,VA9,,2025-01-29 16:29:38
2025-01-30,1,AXIS01,AXIS CONCRETE CONSTRUCTION,UNKNOWN,,0,,2025-01-29 13:21:44
2025-01-30,2,JC2001,JC 2017,UNKNOWN,,WV,,2025-02-07 14:00:53
2025-01-30,3,MIMC01,MIM CONSTRUCTION INC.,UNKNOWN,,0,24,2025-02-07 14:00:53
2025-01-30,4,REGI02,"REGION CONSTRUCTION, INC.",UNKNOWN,,0,2,2025-02-07 14:00:53
2025-01-30,5,KINS01,KINSLEY CONSTRUCTION INC.,UNKNOWN,,WV,92,2025-02-07 14:00:54
2025-01-30,6,GIOR01,"GIORDANO CONSTRUCTION CO., INC.",UNKNOWN,,WV,1,2025-01-27 09:05:08
2025-01-30,7,C1W,PEQUEA MOBILE HOME SERVICES,UNKNOWN,,0,,2025-02-07 14:00:54
2025-01-30,8,C1W,PEQUEA MOBILE HOME SERVICES,UNKNOWN,,0,,2025-02-07 14:00:54
2025-01-30,9,ARCO02,ARCON,UNKNOWN,,WV,1,2025-02-07 14:00:54
2025-01-30,10,GLOB05,GLOBAL HEAVY CORP,UNKNOWN,,WV,1,2025-02-07 14:00:54
2025-01-30,11,C3M,HAYSLETTE CONSTRUCTION,UNKNOWN,,WV,,2025-01-28 10:46:36
2025-01-30,12,EDGE01,EDGEWOOD ENTERPRISES LLC,UNKNOWN,,WV,67,2025-02-07 14:00:55
2025-01-30,13,JSCC01,JSC CONCRETE CONSTRUCTION INC.,UNKNOWN,,WV,,2025-02-07 14:00:55
2025-01-30,14,JSCC01,JSC CONCRETE CONSTRUCTION INC.,UNKNOWN,,WV,,2025-01-28 12:27:23
2025-01-30,15,JSCC01,JSC CONCRETE CONSTRUCTION INC.,UNKNOWN,,CHA,,2025-01-28 12:25:15
2025-01-30,16,EDGE01,EDGEWOOD ENTERPRISES LLC,UNKNOWN,,WV,47,2025-02-07 14:00:55
2025-01-30,17,ILAP01,"ILA PROPERTIES, INC.",UNKNOWN,,WV,,2025-01-29 16:00:07
2025-01-30,18,AYER01,AYER CORPORATION,UNKNOWN,,PA,1,2025-02-07 14:00:55
2025-01-30,19,GULL01,GULL CORPORATION,UNKNOWN,,VA5,,2025-02-07 14:00:55
2025-01-30,20,SMIT01,"SMITH, KEITH D CONCRETE CONSTR",UNKNOWN,,0,35,2025-01-29 06:52:53
2025-01-30,21,MORG01,MORGAN-KELLER INC,UNKNOWN,,0,583,2025-04-15 14:46:26
2025-01-30,22,POLE01,POLE BUILDINGS PLUS INC,UNKNOWN,,0,,2025-02-07 14:00:55
2025-01-30,23,FOLA01,"FOLAND, H FRANK & SON INC",UNKNOWN,,0,,2025-01-30 15:04:24
2025-01-30,24,PRIO01,PRIORITY CONSTRUCTION CORP.,UNKNOWN,,0,,2025-02-07 14:00:55
2025-01-30,25,MORG01,MORGAN-KELLER INC,UNKNOWN,,0,580,2025-02-07 14:00:55
2025-01-30,26,FOLA01,"FOLAND, H FRANK & SON INC",UNKNOWN,,0,,2025-02-07 14:00:56
2025-01-30,27,LILL01,"LILLER, BRIAN (DETOUR)",UNKNOWN,,PA,,2025-02-07 14:00:56
2025-01-30,28,AVID01,"AVID SERVICES, LLC",UNKNOWN,,0,18,2025-02-07 14:00:56
2025-01-30,29,GLBI01,GLB INC,UNKNOWN,,0,74,2025-02-07 14:00:56
2025-01-30,30,PATT02,PATTON HOMES,UNKNOWN,,0,,2025-02-07 14:00:56
2025-01-30,31,JSCC01,JSC CONCRETE CONSTRUCTION INC.,UNKNOWN,,WV,,2025-02-07 14:00:56
2025-01-30,32,JSCC01,JSC CONCRETE CONSTRUCTION INC.,UNKNOWN,,WV,,2025-01-31 07:37:04
2025-01-30,33,ORCH01,ORCHARD HOLLOW CONSTRUCTION,UNKNOWN,,0,,2025-02-07 14:00:56
2025-01-30,34,FRED01,FREDERICK CONCRETE CO INC,UNKNOWN,,0,93,2025-02-07 14:00:56
2025-01-30,35,PRIO01,PRIORITY CONSTRUCTION CORP.,UNKNOWN,,0,,2025-02-07 14:00:56
2025-01-30,36,H2CO01,"H2 CONSTRUCTION, INC.",UNKNOWN,,MAR,,2025-02-07 14:00:56
2025-01-30,37,WEST11,WESTERN MARYLAND CONCRETE INC,UNKNOWN,,PA,2,2025-02-07 14:00:56
2025-01-30,38,CONE01,CONEWAGO ENTERPRISES INC,UNKNOWN,,0,52,2025-02-07 14:00:57
2025-01-30,39,FRAN05,FRANKLIN BUILDERS INC.,UNKNOWN,,PA,57,2025-02-07 14:00:57
2025-01-30,40,C1W,MARYLAND STONE CONSTRUCTION,UNKNOWN,,0,,2025-02-07 14:00:57
2025-01-30,41,VILL01,VILLAGE CONCRETE INC,UNKNOWN,,WV,,2025-02-07 14:00:57
2025-01-30,42,YOUN05,YOUNG'S LAWNS AND LANDSCAPES,UNKNOWN,,0,,2025-02-07 14:00:57
2025-01-30,43,WEST11,WESTERN MARYLAND CONCRETE INC,UNKNOWN,,PA,2,2025-02-07 14:00:57
2025-01-30,44,NATU01,"NATURE BOYS LANDSCAPE CONSTR., INC.",UNKNOWN,,0,,2025-02-07 14:00:57
2025-01-30,45,GEES01,GRC GENERAL CONTRACTOR INC,UNKNOWN,,PA,,2025-02-07 14:00:57
2025-01-30,46,CITY05,CITY OF HAGERSTOWN/SEWER DEPT.,UNKNOWN,,0,23,2025-02-07 14:00:57
2025-01-30,47,MORG01,MORGAN-KELLER INC,UNKNOWN,,HAR,577,2025-02-07 14:00:57
2025-01-30,48,ABCI01,"ASSOCIATED BRIGHAM CONTRACTORS, INC.",UNKNOWN,,WV,1,2025-02-07 14:00:57
2025-01-30,49,ROCK03,ROCKWELL CONSTRUCTION CO,UNKNOWN,,0,,2025-02-07 14:00:57
2025-01-30,50,NVRI01,NVR INC,UNKNOWN,,PA,87,2025-02-07 14:00:58
2025-01-30,51,TRIT01,"TRITON CONSTRUCTION, INC.",UNKNOWN,,0,19,2025-02-07 14:00:58
2025-01-30,52,NVRI01,NVR INC,UNKNOWN,,PA,87,2025-01-30 07:29:24
2025-01-30,53,NVRI01,NVR INC,UNKNOWN,,PA3,84,2025-02-07 14:00:58
2025-01-30,54,NORT02,NORTH STAR FOUNDATIONS INC,UNKNOWN,,PA,,2025-02-07 14:00:58
2025-01-30,55,SIPP01,"SIPPEL DEVELOPMENT CO., INC.",UNKNOWN,,0,,2025-01-30 10:31:59
2025-01-30,56,CITY02,CITY OF HAGERSTOWN PUBLIC WORKS,UNKNOWN,,0,23,2025-01-30 12:36:37
2025-01-30,57,NVRI01,NVR INC,UNKNOWN,,0,25,2025-02-07 14:00:58
2025-01-30,58,FOLA01,"FOLAND, H FRANK & SON INC",UNKNOWN,,0,,2025-02-12 14:07:36
2025-01-30,59,C3H,"MARTIN,RAYMOND",UNKNOWN,,PA,,2025-02-07 14:00:58
2025-01-30,60,BARR05,"BARRICK, S.W. AND SONS",UNKNOWN,,0,3,2025-02-07 14:00:58
2025-01-30,61,VILL01,VILLAGE CONCRETE INC,UNKNOWN,,WV,,2025-02-07 14:00:58
2025-01-30,62,JSCC01,JSC CONCRETE CONSTRUCTION INC.,UNKNOWN,,WV,,2025-02-07 14:00:58
2025-01-30,63,JSCC01,JSC CONCRETE CONSTRUCTION INC.,UNKNOWN,,WV,,2025-02-07 14:00:58
2025-01-30,64,JSCC01,JSC CONCRETE CONSTRUCTION INC.,UNKNOWN,,CHA,,2025-01-29 15:25:36
2025-01-30,65,JSCC01,JSC CONCRETE CONSTRUCTION INC.,UNKNOWN,,WV,,2025-02-07 14:00:58
2025-01-30,66,FOUR05,FOUR POINTS CONSTRUCTION CO. [WV],UNKNOWN,,WV,,2025-02-07 14:00:58
2025-01-30,67,JSCC01,JSC CONCRETE CONSTRUCTION INC.,UNKNOWN,,WV,,2025-02-07 14:00:58
2025-01-30,68,MERL01,"MERLO, INC",UNKNOWN,,0,3,2025-02-07 14:00:58
2025-01-30,69,LONG02,LONG FENCE CO,UNKNOWN,,0,,2025-02-07 14:00:58
2025-01-30,70,HENS01,HENSON & SON INC,UNKNOWN,,0,,2025-02-07 14:00:58
2025-01-30,71,C1F,WRENN CONSTRUCTION,UNKNOWN,,PA,,2025-01-30 07:25:21
