order_date,order_code,cust_code,cust_name,proj_code
2025-01-01,1,THOM06,THOMAS BENNETT & HUNTER INC,
2025-01-02,1,HENS01,HENSON & SON INC,
2025-01-02,2,HENS01,HENSON & SON INC,
2025-01-02,3,FOLA01,"FOLAND, H FRANK & SON INC",475
2025-01-02,4,GEES01,GRC GENERAL CONTRACTOR INC,75
2025-01-02,5,HENS01,HENSON & SON INC,
2025-01-02,6,PLOT01,"PLOTNER, ALLEN W",
2025-01-02,7,BERK01,BERKEL & CO CONTRACTORS INC,6
2025-01-02,8,C3W,"MACHIESKY, JAMIE",
2025-01-02,9,NVRI01,NVR INC,84
2025-01-02,10,NVRI01,NVR INC,71
2025-01-02,11,NVRI01,NVR INC,84
2025-01-02,12,FRAN05,FRANKLIN BUILDERS INC.,53
2025-01-02,13,NVRI01,NVR INC,87
2025-01-02,14,JSCC01,JSC CONCRETE CONSTRUCTION INC.,
2025-01-02,15,JSCC01,JSC CONCRETE CONSTRUCTION INC.,
2025-01-02,16,JSCC01,JSC CONCRETE CONSTRUCTION INC.,
2025-01-02,17,WALT02,WALT'S PRECISION CONCRETE LLC,
2025-01-02,18,VILL01,VILLAGE CONCRETE INC,
2025-01-02,19,REIS01,"REISBERG, M JAY & SON INC",
2025-01-02,20,C1M,DAN-LAR STAIRWAY & ELEVATOR,
2025-01-02,21,C1M,SPECK CONTRACTING,
2025-01-02,22,JSCC01,JSC CONCRETE CONSTRUCTION INC.,
2025-01-02,23,HENR05,"HENRY, JAMES",
2025-01-02,24,SANB02,"SANBORN, D L CONCRETE CONSTR INC",8
2025-01-02,25,JC2001,JC 2017,
2025-01-02,26,HENT01,HENTZMAN CONTRACTING LLC,
2025-01-02,27,SANB02,"SANBORN, D L CONCRETE CONSTR INC",8
2025-01-02,28,ABCI01,"ASSOCIATED BRIGHAM CONTRACTORS, INC.",1
2025-01-02,29,C1F,"SELLARS,BRIAN",
2025-01-02,30,BUST01,"BUSTAMANTE, L & E CONCRETE CO INC",3
2025-01-02,31,NVRI01,NVR INC,71
2025-01-02,32,BART01,BARTLEY CORPORATION,
2025-01-02,33,AXIS01,AXIS CONCRETE CONSTRUCTION,
2025-01-02,34,FOLA01,"FOLAND, H FRANK & SON INC",
2025-01-02,35,JCSI01,JCS COMMUNICATIONS INC,
2025-01-02,36,KIBL01,KIBLER CONSTRUCTION CO INC,39
2025-01-02,37,LONG02,LONG FENCE CO,
2025-01-02,38,KIRB02,KIRBY'S CUSTOM CONCRETE LLC,
2025-01-02,39,C3M,AAOS,
2025-01-02,40,MTLA01,M T LANEY CO INC,
2025-01-02,41,C1F,CASH CUSTOMER FRM,
2025-01-02,42,FOLA01,"FOLAND, H FRANK & SON INC",
2025-01-02,43,ILAP01,"ILA PROPERTIES, INC.",
2025-01-02,44,C2F,"RAMIREZ, EDER",
2025-01-02,45,AXIS01,AXIS CONCRETE CONSTRUCTION,3
2025-01-02,46,FOLA01,"FOLAND, H FRANK & SON INC",
2025-01-02,47,FOUR05,FOUR POINTS CONSTRUCTION CO. [WV],
2025-01-02,48,JSCC01,JSC CONCRETE CONSTRUCTION INC.,
2025-01-02,49,BRAN01,BRANDENBURG ELECTRIC INC,
2025-01-02,50,CAGG,CASH AGGREGATE SALES,
2025-01-02,51,HENS01,HENSON & SON INC,
2025-01-02,52,FOLA01,"FOLAND, H FRANK & SON INC",
2025-01-02,53,RICK01,RICKELL CONSTRUCTION LLC,
2025-01-02,54,FOLA01,"FOLAND, H FRANK & SON INC",
2025-01-03,1,MIMC01,MIM CONSTRUCTION INC.,24
2025-01-03,2,FOLA01,"FOLAND, H FRANK & SON INC",475
2025-01-03,3,GEES01,GRC GENERAL CONTRACTOR INC,75
2025-01-03,4,HENS01,HENSON & SON INC,
2025-01-03,5,HENS01,HENSON & SON INC,
2025-01-03,6,BERK01,BERKEL & CO CONTRACTORS INC,6
2025-01-03,7,NVRI01,NVR INC,87
2025-01-03,8,NVRI01,NVR INC,87
2025-01-03,9,NVRI01,NVR INC,71
2025-01-03,10,NVRI01,NVR INC,84
2025-01-03,11,EDGE01,EDGEWOOD ENTERPRISES LLC,63
2025-01-03,12,BART01,BARTLEY CORPORATION,28
2025-01-03,13,JSCC01,JSC CONCRETE CONSTRUCTION INC.,
2025-01-03,14,JSCC01,JSC CONCRETE CONSTRUCTION INC.,
2025-01-03,15,C3M,HAYSLETTE CONSTRUCTION,
2025-01-03,16,C3M,"PETRY, JOHN",
2025-01-03,17,JSCC01,JSC CONCRETE CONSTRUCTION INC.,
2025-01-03,18,JSCC01,JSC CONCRETE CONSTRUCTION INC.,
2025-01-03,19,PLOT01,"PLOTNER, ALLEN W",
2025-01-03,20,LOPE01,"LOPEZ, LUKE",
2025-01-03,21,NVRI01,NVR INC,84
2025-01-03,22,HENR05,"HENRY, JAMES",
2025-01-03,23,FOLA01,"FOLAND, H FRANK & SON INC",472
2025-01-03,24,JLSC01,"JLS CONSTRUCTION, LLC",
2025-01-03,25,NVRI01,NVR INC,71
2025-01-03,26,NVRI01,NVR INC,43
2025-01-03,27,PANH01,PANHANDLE BUILDERS & EXCAVATORS INC,
2025-01-03,28,C1H,T.W. SMITH & SONS,
2025-01-03,29,NORT02,NORTH STAR FOUNDATIONS INC,
2025-01-03,30,C3W,FAIRVIEW MASONRY,
2025-01-03,31,C3M,KEHNE MASONRY,
2025-01-03,32,OLEA01,O'LEARY ASPHALT INC,
2025-01-03,33,NVRI01,NVR INC,71
2025-01-03,34,NVRI01,NVR INC,71
2025-01-03,35,NVRI01,NVR INC,71
2025-01-03,36,NVRI01,NVR INC,71
2025-01-03,37,ATKS01,ATK SERVICES INC,
2025-01-03,38,BART01,BARTLEY CORPORATION,
2025-01-03,39,JC2001,JC 2017,
2025-01-03,40,NVRI01,NVR INC,87
2025-01-03,41,FOLA01,"FOLAND, H FRANK & SON INC",
2025-01-03,42,GEES01,GRC GENERAL CONTRACTOR INC,76
2025-01-03,43,KIRB02,KIRBY'S CUSTOM CONCRETE LLC,
2025-01-03,44,C2F,PRIME MASONRY,
2025-01-03,45,KING08,"KING BRYANT, INC.",
2025-01-03,46,AXIS01,AXIS CONCRETE CONSTRUCTION,3
2025-01-03,47,PWII01,P W I INCORPORATED,15
2025-01-03,48,FOLA01,"FOLAND, H FRANK & SON INC",
2025-01-03,49,KIBL01,KIBLER CONSTRUCTION CO INC,39
2025-01-03,50,SANB02,"SANBORN, D L CONCRETE CONSTR INC",8
2025-01-03,51,JSCC01,JSC CONCRETE CONSTRUCTION INC.,
2025-01-03,52,JSCC01,JSC CONCRETE CONSTRUCTION INC.,
2025-01-03,53,C3W,LYNCH & SON CONCRETE,
2025-01-03,54,JSCC01,JSC CONCRETE CONSTRUCTION INC.,
2025-01-03,55,MORG01,MORGAN-KELLER INC,580
2025-01-03,56,C2M,"DUVALL, KEVIN",
2025-01-03,57,C1F,"SELLARS,BRIAN",
2025-01-03,58,JBCO02,JB CONCRETE [LOLO],
2025-01-03,59,ARCO02,ARCON,1
2025-01-03,60,C3M,COUNTRY ROADS CONTRACTING,
2025-01-03,61,HUNT05,HUNTLAKE LLC,
2025-01-03,62,JC2001,JC 2017,
2025-01-03,63,JSCC01,JSC CONCRETE CONSTRUCTION INC.,
2025-01-03,64,PANH01,PANHANDLE BUILDERS & EXCAVATORS INC,
2025-01-03,65,PANH01,PANHANDLE BUILDERS & EXCAVATORS INC,
2025-01-03,66,FOLA01,"FOLAND, H FRANK & SON INC",
2025-01-03,67,STAR02,"STAR CONCRETE FOUNDATIONS, INC",6
2025-01-03,68,TREJ01,TREJO BROTHERS CONSTRUCTION LLP,
2025-01-03,69,FRAN05,FRANKLIN BUILDERS INC.,53
2025-01-03,70,C1F,CASH CUSTOMER FRM,
2025-01-03,71,POOL09,POOLE'S STONE & GARDEN INC,
2025-01-03,72,BARL01,BARLOW CONCRETE CONSTR CO INC,
2025-01-03,73,C3W,LEGACY SEPTIC,
2025-01-03,74,ILAP01,"ILA PROPERTIES, INC.",
2025-01-03,75,FOLA01,"FOLAND, H FRANK & SON INC",
2025-01-03,76,C2CO01,C2 CONCRETE LLC,
2025-01-03,77,FRAN05,FRANKLIN BUILDERS INC.,56
2025-01-03,78,INTH01,IN THE DOG HOUSE,
2025-01-03,79,DOMI01,"DOMINGUEZ CONSTRUCTION, INC.",9
2025-01-03,80,FOLA01,"FOLAND, H FRANK & SON INC",
2025-01-03,81,CAGG,CASH AGGREGATE SALES,
2025-01-03,82,FOLA01,"FOLAND, H FRANK & SON INC",
2025-01-03,83,HENS01,HENSON & SON INC,
2025-01-03,84,VILL01,VILLAGE CONCRETE INC,
2025-01-03,85,POTO05,POTOMAC EXCAVATING,
2025-01-03,86,REIS01,"REISBERG, M JAY & SON INC",
2025-01-03,87,RFTS01,"R.F.T. SERVICES, LLC",
2025-01-03,88,NVRI01,NVR INC,24
2025-01-03,89,MILL19,"MILLER, DWIGHT",6
2025-01-03,90,THOM06,THOMAS BENNETT & HUNTER INC,8
2025-01-03,91,NORT02,NORTH STAR FOUNDATIONS INC,
2025-01-03,92,THOM06,THOMAS BENNETT & HUNTER INC,8
2025-01-03,93,THOM06,THOMAS BENNETT & HUNTER INC,8
2025-01-04,1,H2CO01,"H2 CONSTRUCTION, INC.",
2025-01-06,1,GEES01,GRC GENERAL CONTRACTOR INC,76
2025-01-06,2,VILL01,VILLAGE CONCRETE INC,
2025-01-06,3,H2CO01,"H2 CONSTRUCTION, INC.",
2025-01-06,4,JSCC01,JSC CONCRETE CONSTRUCTION INC.,
2025-01-06,5,C3M,"PETRY, JOHN",
2025-01-06,6,SWEE02,"SWEENEY, A E MASONRY INC",
2025-01-06,7,NVRI01,NVR INC,87
2025-01-06,8,NVRI01,NVR INC,87
2025-01-06,9,NVRI01,NVR INC,87
2025-01-06,10,MONT01,MONTGOMERY VAULT,1
2025-01-06,11,EDGE01,EDGEWOOD ENTERPRISES LLC,
2025-01-06,12,KIBL01,KIBLER CONSTRUCTION CO INC,39
2025-01-06,13,JSCC01,JSC CONCRETE CONSTRUCTION INC.,
2025-01-06,14,JSCC01,JSC CONCRETE CONSTRUCTION INC.,
2025-01-06,15,C1F,CASH CUSTOMER FRM,
2025-01-07,1,FRED01,FREDERICK CONCRETE CO INC,99
2025-01-07,2,KING08,"KING BRYANT, INC.",
2025-01-07,3,SMIT01,"SMITH, KEITH D CONCRETE CONSTR",35
2025-01-07,4,VILL01,VILLAGE CONCRETE INC,
2025-01-07,5,JSCC01,JSC CONCRETE CONSTRUCTION INC.,
2025-01-07,6,JSCC01,JSC CONCRETE CONSTRUCTION INC.,
2025-01-07,7,NVRI01,NVR INC,43
2025-01-07,8,NVRI01,NVR INC,43
2025-01-07,9,SWEE02,"SWEENEY, A E MASONRY INC",
2025-01-07,10,MORG01,MORGAN-KELLER INC,577
2025-01-07,11,GLBI01,GLB INC,74
2025-01-07,12,KIBL01,KIBLER CONSTRUCTION CO INC,39
2025-01-07,13,EDGE01,EDGEWOOD ENTERPRISES LLC,
2025-01-07,14,C1F,CASH CUSTOMER FRM,
2025-01-08,1,GULL01,GULL CORPORATION,
2025-01-08,2,SMIT01,"SMITH, KEITH D CONCRETE CONSTR",35
2025-01-08,3,KINS01,KINSLEY CONSTRUCTION INC.,88
2025-01-08,4,FRED01,FREDERICK CONCRETE CO INC,99
2025-01-08,5,GLBI01,GLB INC,74
2025-01-08,6,C3M,COUNTRY ROADS CONTRACTING,
2025-01-08,7,KIBL01,KIBLER CONSTRUCTION CO INC,39
2025-01-08,8,NVRI01,NVR INC,43
2025-01-08,9,NVRI01,NVR INC,43
2025-01-08,10,EDGE01,EDGEWOOD ENTERPRISES LLC,
2025-01-08,11,KING08,"KING BRYANT, INC.",
2025-01-08,12,FOLA01,"FOLAND, H FRANK & SON INC",472
2025-01-08,13,REGI02,"REGION CONSTRUCTION, INC.",2
2025-01-08,14,STON09,STONEY RIDGE MASONRY,2
2025-01-08,15,LILL01,"LILLER, BRIAN (DETOUR)",
2025-01-08,16,SIPP01,"SIPPEL DEVELOPMENT CO., INC.",
2025-01-08,17,C1W,LANCO POLE BUILDING,
2025-01-08,18,C1F,CASH CUSTOMER FRM,
2025-01-08,19,BERK01,BERKEL & CO CONTRACTORS INC,6
2025-01-08,20,EDGE01,EDGEWOOD ENTERPRISES LLC,
2025-01-08,21,THOM06,THOMAS BENNETT & HUNTER INC,46
2025-01-09,1,AXIS01,AXIS CONCRETE CONSTRUCTION,3
2025-01-09,2,SMIT01,"SMITH, KEITH D CONCRETE CONSTR",35
2025-01-09,3,KINS01,KINSLEY CONSTRUCTION INC.,88
2025-01-09,4,DREN01,"DRENNER, D A CONCRETE",29
2025-01-09,5,FRED01,FREDERICK CONCRETE CO INC,99
2025-01-09,6,GLBI01,GLB INC,74
2025-01-09,7,SWEE02,"SWEENEY, A E MASONRY INC",
2025-01-09,8,KIBL01,KIBLER CONSTRUCTION CO INC,39
2025-01-09,9,MARK02,MARKSMEN CO INC,8
2025-01-09,10,GREY03,GREYSTAR CONSTRUCTION GROUP,1
2025-01-09,11,MORG01,MORGAN-KELLER INC,577
2025-01-09,12,C1M,MID ATLANTIC ENTRY,
2025-01-09,13,GLBI01,GLB INC,74
2025-01-09,14,FOLA01,"FOLAND, H FRANK & SON INC",
2025-01-09,15,FRAN05,FRANKLIN BUILDERS INC.,
2025-01-09,16,C2F,JAMES CONSTRUCTION,
2025-01-09,17,VILL01,VILLAGE CONCRETE INC,
2025-01-09,18,VILL01,VILLAGE CONCRETE INC,
2025-01-09,19,STON09,STONEY RIDGE MASONRY,2
2025-01-09,20,C3W,"MACHIESKY,JAIME",
2025-01-09,21,BERK01,BERKEL & CO CONTRACTORS INC,6
2025-01-09,22,ILAP01,"ILA PROPERTIES, INC.",
2025-01-09,23,PRIC05,PRICE QUALITY CONCRETE CORP.,
2025-01-09,24,C1F,CASH CUSTOMER FRM,
2025-01-09,25,PETE04,PETER & JOHN RADIO FELLOWSHIP,
2025-01-09,26,CAGG,CASH AGGREGATE SALES,
2025-01-09,27,C1W,LANCO POLE BUILDING,
2025-01-09,28,REGI02,"REGION CONSTRUCTION, INC.",2
2025-01-10,1,SMIT01,"SMITH, KEITH D CONCRETE CONSTR",35
2025-01-10,2,VILL01,VILLAGE CONCRETE INC,
2025-01-10,3,NVRI01,NVR INC,43
2025-01-10,4,NVRI01,NVR INC,43
2025-01-10,5,MORG01,MORGAN-KELLER INC,577
2025-01-10,6,C3M,HAYSLETTE CONSTRUCTION,
2025-01-10,7,EDGE01,EDGEWOOD ENTERPRISES LLC,47
2025-01-10,8,LILL01,"LILLER, BRIAN (DETOUR)",
2025-01-10,9,JOUR01,"JOURNEY CONSTRUCTION, INC.",
2025-01-10,10,NVRI01,NVR INC,87
2025-01-10,11,NVRI01,NVR INC,84
2025-01-10,12,NVRI01,NVR INC,84
2025-01-10,13,NORT02,NORTH STAR FOUNDATIONS INC,
2025-01-10,14,AYER01,AYER CORPORATION,1
2025-01-10,15,SHAN04,SHANNON-BAUM SIGNS INC,
2025-01-10,16,NVRI01,NVR INC,43
2025-01-10,17,NVRI01,NVR INC,71
2025-01-10,18,RICK02,RICKETTS LAND DEVELOPMENT,
2025-01-10,19,PANH01,PANHANDLE BUILDERS & EXCAVATORS INC,
2025-01-10,20,JSCC01,JSC CONCRETE CONSTRUCTION INC.,
2025-01-10,21,RICK02,RICKETTS LAND DEVELOPMENT,
2025-01-10,22,PANH01,PANHANDLE BUILDERS & EXCAVATORS INC,
2025-01-10,23,PRIC05,PRICE QUALITY CONCRETE CORP.,
2025-01-10,24,MORG01,MORGAN-KELLER INC,583
2025-01-10,25,WAYN02,WAYNESBORO CONSTRUCTION CO,98
2025-01-10,26,MERL01,"MERLO, INC",3
2025-01-10,27,C2F,JAMES CONSTRUCTION,
2025-01-10,28,FRAN05,FRANKLIN BUILDERS INC.,
2025-01-10,29,MERL01,"MERLO, INC",4
2025-01-10,30,VILL01,VILLAGE CONCRETE INC,
2025-01-10,31,KINS01,KINSLEY CONSTRUCTION INC.,
2025-01-10,32,ILAP01,"ILA PROPERTIES, INC.",
2025-01-10,33,JSCC01,JSC CONCRETE CONSTRUCTION INC.,
2025-01-10,34,FRED01,FREDERICK CONCRETE CO INC,100
2025-01-10,35,MORG01,MORGAN-KELLER INC,580
2025-01-10,36,WEST11,WESTERN MARYLAND CONCRETE INC,2
2025-01-10,37,PETE04,PETER & JOHN RADIO FELLOWSHIP,
2025-01-10,38,STON09,STONEY RIDGE MASONRY,2
2025-01-10,39,C1F,CASH CUSTOMER FRM,
2025-01-10,40,WAYN02,WAYNESBORO CONSTRUCTION CO,
2025-01-10,41,NVRI01,NVR INC,48
2025-01-10,42,NVRI01,NVR INC,48
2025-01-10,43,NVRI01,NVR INC,24
2025-01-10,44,SIPP01,"SIPPEL DEVELOPMENT CO., INC.",
2025-01-10,45,C1M,"WOLLUM, WALTER",
2025-01-10,46,WEST11,WESTERN MARYLAND CONCRETE INC,
2025-01-10,47,C1M,"MENDOZA, BENJAMIN",
2025-01-10,48,REGI02,"REGION CONSTRUCTION, INC.",2
2025-01-10,49,THOM06,THOMAS BENNETT & HUNTER INC,2
2025-01-13,1,SMIT01,"SMITH, KEITH D CONCRETE CONSTR",35
2025-01-13,2,C3M,COUNTRY ROADS CONTRACTING,
2025-01-13,3,AYER01,AYER CORPORATION,1
2025-01-13,4,LILL01,"LILLER, BRIAN (DETOUR)",
2025-01-13,5,KIBL01,KIBLER CONSTRUCTION CO INC,39
2025-01-13,6,GLBI01,GLB INC,74
2025-01-13,7,SWEE02,"SWEENEY, A E MASONRY INC",
2025-01-13,8,MTLA01,M T LANEY CO INC,
2025-01-13,9,NVRI01,NVR INC,43
2025-01-13,10,NVRI01,NVR INC,43
2025-01-13,11,MORG01,MORGAN-KELLER INC,583
2025-01-13,12,LAST01,LASTING IMPRESSIONS QUALITY CONCRETE INC,2
2025-01-13,13,VILL01,VILLAGE CONCRETE INC,
2025-01-13,14,EDGE01,EDGEWOOD ENTERPRISES LLC,47
2025-01-13,15,GREE21,"GREEN VILLAGE CONCRETE, INC.",4
2025-01-13,16,FRED01,FREDERICK CONCRETE CO INC,100
2025-01-13,17,MIDA04,MID-ATLANTIC UTILITIES INC,
2025-01-13,18,JSCC01,JSC CONCRETE CONSTRUCTION INC.,
2025-01-13,19,VILL01,VILLAGE CONCRETE INC,
2025-01-13,20,JSCC01,JSC CONCRETE CONSTRUCTION INC.,
2025-01-13,21,VILL01,VILLAGE CONCRETE INC,
2025-01-13,22,JSCC01,JSC CONCRETE CONSTRUCTION INC.,
2025-01-13,23,HENR05,"HENRY, JAMES",
2025-01-13,24,C3M,"PETRY, JOHN",
2025-01-13,25,NVRI01,NVR INC,87
2025-01-13,26,NVRI01,NVR INC,87
2025-01-13,27,JSCC01,JSC CONCRETE CONSTRUCTION INC.,
2025-01-13,28,NVRI01,NVR INC,87
2025-01-13,29,JSCC01,JSC CONCRETE CONSTRUCTION INC.,
2025-01-13,30,NVRI01,NVR INC,71
2025-01-13,31,REIS01,"REISBERG, M JAY & SON INC",
2025-01-13,32,RICK02,RICKETTS LAND DEVELOPMENT,
2025-01-13,33,JC2001,JC 2017,
2025-01-13,34,WEST11,WESTERN MARYLAND CONCRETE INC,2
2025-01-13,35,WEST11,WESTERN MARYLAND CONCRETE INC,2
2025-01-13,36,FOUN01,FOUNDATIONS FIRST INC,
2025-01-13,37,C1F,WRENN CONSTRUCTION,
2025-01-13,38,ABCI01,"ASSOCIATED BRIGHAM CONTRACTORS, INC.",1
2025-01-13,39,C1F,CASH CUSTOMER FRM,
2025-01-13,40,UNIT03,UNITED ENTERPRISES CONSTRUCTION LLC,
2025-01-13,41,NVRI01,NVR INC,43
2025-01-13,42,PANH01,PANHANDLE BUILDERS & EXCAVATORS INC,
2025-01-13,43,MONT01,MONTGOMERY VAULT,1
2025-01-13,44,JOUR01,"JOURNEY CONSTRUCTION, INC.",
2025-01-13,45,FOUR05,FOUR POINTS CONSTRUCTION CO. [WV],
2025-01-13,46,REGI02,"REGION CONSTRUCTION, INC.",2
2025-01-13,47,C1W,"GALLIS, STEVE",
2025-01-13,48,MORG01,MORGAN-KELLER INC,585
2025-01-13,49,EDGE01,EDGEWOOD ENTERPRISES LLC,58
2025-01-13,50,JASO01,"JASON LAWN & LANDSCAPING, LLC",
2025-01-13,51,BRAN01,BRANDENBURG ELECTRIC INC,
2025-01-13,52,FOLA01,"FOLAND, H FRANK & SON INC",
2025-01-13,53,FOLA01,"FOLAND, H FRANK & SON INC",
2025-01-13,54,ILAP01,"ILA PROPERTIES, INC.",
2025-01-13,55,FOLA01,"FOLAND, H FRANK & SON INC",
2025-01-13,56,FRED01,FREDERICK CONCRETE CO INC,
2025-01-13,57,PANH01,PANHANDLE BUILDERS & EXCAVATORS INC,
2025-01-13,58,HIDE01,"HIDEY'S  LAWN SERVICE, LLC",1
2025-01-13,59,CAGG,MOAT,
2025-01-13,60,THOM06,THOMAS BENNETT & HUNTER INC,3
2025-01-14,1,GREY03,GREYSTAR CONSTRUCTION GROUP,1
2025-01-14,2,AYER01,AYER CORPORATION,1
2025-01-14,3,MORG01,MORGAN-KELLER INC,577
2025-01-14,4,SWEE02,"SWEENEY, A E MASONRY INC",
2025-01-14,5,MIDA04,MID-ATLANTIC UTILITIES INC,
2025-01-14,6,RICK02,RICKETTS LAND DEVELOPMENT,
2025-01-14,7,MORG01,MORGAN-KELLER INC,585
2025-01-14,8,NVRI01,NVR INC,87
2025-01-14,9,NVRI01,NVR INC,87
2025-01-14,10,BERK01,BERKEL & CO CONTRACTORS INC,6
2025-01-14,11,REGI02,"REGION CONSTRUCTION, INC.",2
2025-01-14,12,NVRI01,NVR INC,84
2025-01-14,13,JSCC01,JSC CONCRETE CONSTRUCTION INC.,
2025-01-14,14,PLOT01,"PLOTNER, ALLEN W",
2025-01-14,15,JSCC01,JSC CONCRETE CONSTRUCTION INC.,
2025-01-14,16,GIOR01,"GIORDANO CONSTRUCTION CO., INC.",
2025-01-14,17,FOUR05,FOUR POINTS CONSTRUCTION CO. [WV],
2025-01-14,18,EDGE01,EDGEWOOD ENTERPRISES LLC,61
2025-01-14,19,NVRI01,NVR INC,84
2025-01-14,20,FRED01,FREDERICK CONCRETE CO INC,95
2025-01-14,21,FRAN05,FRANKLIN BUILDERS INC.,54
2025-01-14,22,EDGE01,EDGEWOOD ENTERPRISES LLC,58
2025-01-14,23,FOLA01,"FOLAND, H FRANK & SON INC",
2025-01-14,24,NVRI01,NVR INC,43
2025-01-14,25,NVRI01,NVR INC,71
2025-01-14,26,JSCC01,JSC CONCRETE CONSTRUCTION INC.,
2025-01-14,27,C1F,CASH CUSTOMER FRM,
2025-01-14,28,ILAP01,"ILA PROPERTIES, INC.",
2025-01-14,29,VILL01,VILLAGE CONCRETE INC,
2025-01-14,30,VILL01,VILLAGE CONCRETE INC,
2025-01-14,31,C3W,FOLEY CONSTRUCTION,
2025-01-14,32,LONG02,LONG FENCE CO,
2025-01-14,33,GREA03,GREAT VALLEY PROPANE,
2025-01-14,34,LEFA01,"LEFAIVRE, J R CONSTRUCTION",
2025-01-14,35,C2CO01,C2 CONCRETE LLC,
2025-01-14,36,CAGG,CASH AGGREGATE SALES,
2025-01-14,37,PANH01,PANHANDLE BUILDERS & EXCAVATORS INC,
2025-01-14,38,REGI02,"REGION CONSTRUCTION, INC.",2
2025-01-14,39,GIOR01,"GIORDANO CONSTRUCTION CO., INC.",
2025-01-14,40,POTO05,POTOMAC EXCAVATING,
2025-01-15,1,GREY03,GREYSTAR CONSTRUCTION GROUP,1
2025-01-15,2,MORG01,MORGAN-KELLER INC,577
2025-01-15,3,DREN01,"DRENNER, D A CONCRETE",29
2025-01-15,4,STON09,STONEY RIDGE MASONRY,2
2025-01-15,5,MIDA04,MID-ATLANTIC UTILITIES INC,
2025-01-15,6,HESS04,"J. HESS GROUP, LLC",
2025-01-15,7,HETZ01,"HETZER, C W INC",126
2025-01-15,8,MERL01,"MERLO, INC",4
2025-01-15,9,EDGE01,EDGEWOOD ENTERPRISES LLC,45
2025-01-15,10,NVRI01,NVR INC,87
2025-01-15,11,BERK01,BERKEL & CO CONTRACTORS INC,6
2025-01-15,12,REGI02,"REGION CONSTRUCTION, INC.",2
2025-01-15,13,AYER01,AYER CORPORATION,1
2025-01-15,14,SWEE02,"SWEENEY, A E MASONRY INC",
2025-01-15,15,RFTS01,"R.F.T. SERVICES, LLC",
2025-01-15,16,FOLA01,"FOLAND, H FRANK & SON INC",
2025-01-15,17,VILL01,VILLAGE CONCRETE INC,
2025-01-15,18,JSCC01,JSC CONCRETE CONSTRUCTION INC.,
2025-01-15,19,JSCC01,JSC CONCRETE CONSTRUCTION INC.,
2025-01-15,20,VILL01,VILLAGE CONCRETE INC,
2025-01-15,21,CITY08,CITY OF HAGERSTOWN PARKS & ENGINEERING,23
2025-01-15,22,LONG02,LONG FENCE CO,28
2025-01-15,23,FRAN05,FRANKLIN BUILDERS INC.,54
2025-01-15,24,MILL15,"MILLER, C J LLC",
2025-01-15,25,GIOR01,"GIORDANO CONSTRUCTION CO., INC.",
2025-01-15,26,FRED01,FREDERICK CONCRETE CO INC,93
2025-01-15,27,RYDE01,"RYDER, DANIEL",
2025-01-15,28,C1F,CASH CUSTOMER FRM,
2025-01-15,29,VILL01,VILLAGE CONCRETE INC,
2025-01-15,30,ABCI01,"ASSOCIATED BRIGHAM CONTRACTORS, INC.",1
2025-01-15,31,C1M,NITRO CONSTRUCTION,
2025-01-15,32,SIPP01,"SIPPEL DEVELOPMENT CO., INC.",
2025-01-15,33,C1M,COMMERCIAL CONTRACTORS INC.,
2025-01-15,34,C2H,GROVE GROUNDWURX,
2025-01-15,35,CONE01,CONEWAGO ENTERPRISES INC,52
2025-01-15,36,C1M,CREATIVE DESIGN LANDSCAPES,
2025-01-15,37,FOLA01,"FOLAND, H FRANK & SON INC",
2025-01-15,38,KELL07,"KELLY HARLESS TRUCKING, INC.",
2025-01-15,39,THOM06,THOMAS BENNETT & HUNTER INC,
2025-01-16,1,GREY03,GREYSTAR CONSTRUCTION GROUP,1
2025-01-16,2,C2H,EAST COAST SERVICES,
2025-01-16,3,GLOB05,GLOBAL HEAVY CORP,1
2025-01-16,4,HETZ01,"HETZER, C W INC",126
2025-01-16,5,EDGE01,EDGEWOOD ENTERPRISES LLC,45
2025-01-16,6,FOLA01,"FOLAND, H FRANK & SON INC",
2025-01-16,7,FRAN05,FRANKLIN BUILDERS INC.,57
2025-01-16,8,WEST11,WESTERN MARYLAND CONCRETE INC,
2025-01-16,9,REGI02,"REGION CONSTRUCTION, INC.",2
2025-01-16,10,EDGE01,EDGEWOOD ENTERPRISES LLC,47
2025-01-16,11,LONG02,LONG FENCE CO,28
2025-01-16,12,MTCI01,"MARK'S TANK CLEANING, INC.",
2025-01-16,13,MORG01,MORGAN-KELLER INC,577
2025-01-16,14,DUNC01,"DUNCAN, SCOTT A INC",
2025-01-16,15,C3W,OLD WESTMINSTER WINERY,
2025-01-16,16,FRAN05,FRANKLIN BUILDERS INC.,54
2025-01-16,17,BERK01,BERKEL & CO CONTRACTORS INC,6
2025-01-16,18,NVRI01,NVR INC,84
2025-01-16,19,NVRI01,NVR INC,87
2025-01-16,20,MERL01,"MERLO, INC",3
2025-01-16,21,JSCC01,JSC CONCRETE CONSTRUCTION INC.,
2025-01-16,22,NVRI01,NVR INC,71
2025-01-16,23,JSCC01,JSC CONCRETE CONSTRUCTION INC.,
2025-01-16,24,VILL01,VILLAGE CONCRETE INC,
2025-01-16,25,VILL01,VILLAGE CONCRETE INC,
2025-01-16,26,FRED01,FREDERICK CONCRETE CO INC,93
2025-01-16,27,PLEA03,"PLEASANTS CONSTRUCTION, INC.",
2025-01-16,28,C1W,LIMA CONSTRUCTION,
2025-01-16,29,AVID01,"AVID SERVICES, LLC",15
2025-01-16,30,HUNT02,"HUNTZBERRY BROTHERS, INC",
2025-01-16,31,C1H,"THOMSON, EARL",
2025-01-16,32,VILL01,VILLAGE CONCRETE INC,
2025-01-16,33,JSCC01,JSC CONCRETE CONSTRUCTION INC.,
2025-01-16,34,FOUR05,FOUR POINTS CONSTRUCTION CO. [WV],
2025-01-16,35,HESS04,"J. HESS GROUP, LLC",
2025-01-16,36,MECI01,M E C INC,
2025-01-16,37,VILL01,VILLAGE CONCRETE INC,
2025-01-16,38,LONG02,LONG FENCE CO,
2025-01-16,39,FOLA01,"FOLAND, H FRANK & SON INC",
2025-01-16,40,JOUR01,"JOURNEY CONSTRUCTION, INC.",
2025-01-16,41,NORT02,NORTH STAR FOUNDATIONS INC,
2025-01-16,42,LEDF01,"LEDFORD, J. E. & SONS, INC.",
2025-01-16,43,ILAP01,"ILA PROPERTIES, INC.",
2025-01-16,44,NVRI01,NVR INC,84
2025-01-16,45,FRED01,FREDERICK CONCRETE CO INC,95
2025-01-16,46,C1F,CASH CUSTOMER FRM,
2025-01-16,47,SIPP01,"SIPPEL DEVELOPMENT CO., INC.",
2025-01-16,48,TREJ01,TREJO BROTHERS CONSTRUCTION LLP,
2025-01-16,49,GIOR01,"GIORDANO CONSTRUCTION CO., INC.",1
2025-01-16,50,C1M,CREATIVE DESIGN LANDSCAPES,
2025-01-16,51,NVRI01,NVR INC,43
2025-01-16,52,EDGE01,EDGEWOOD ENTERPRISES LLC,
2025-01-16,53,PETE04,PETER & JOHN RADIO FELLOWSHIP,
2025-01-16,54,REGI02,"REGION CONSTRUCTION, INC.",2
2025-01-16,55,FOLA01,"FOLAND, H FRANK & SON INC",
2025-01-16,56,C2M,CATOM CONSTRUCTION,
2025-01-16,57,THOM06,THOMAS BENNETT & HUNTER INC,2
2025-01-16,58,THOM06,THOMAS BENNETT & HUNTER INC,
2025-01-17,1,COGA01,PHIL COGAR EXCAVATING LLC,
2025-01-17,2,GLBI01,GLB INC,74
2025-01-17,3,C2H,EAST COAST SERVICES,
2025-01-17,4,PLOT01,"PLOTNER, ALLEN W",
2025-01-17,5,MILL19,"MILLER, DWIGHT",6
2025-01-17,6,HESS04,"J. HESS GROUP, LLC",
2025-01-17,7,C3W,MOAT,
2025-01-17,8,FOLA01,"FOLAND, H FRANK & SON INC",
2025-01-17,9,C2F,J&W CONSTRUCTION,
2025-01-17,10,KINS01,KINSLEY CONSTRUCTION INC.,88
2025-01-17,11,JSCC01,JSC CONCRETE CONSTRUCTION INC.,
2025-01-17,12,C1W,A&E BUILDERS,
2025-01-17,13,AXIS01,AXIS CONCRETE CONSTRUCTION,
2025-01-17,14,RFTS01,"R.F.T. SERVICES, LLC",
2025-01-17,15,BUCK03,BUCKYS CONCRETE,
2025-01-17,16,EDGE01,EDGEWOOD ENTERPRISES LLC,67
2025-01-17,17,JSCC01,JSC CONCRETE CONSTRUCTION INC.,
2025-01-17,18,EDGE01,EDGEWOOD ENTERPRISES LLC,47
2025-01-17,19,NORT02,NORTH STAR FOUNDATIONS INC,
2025-01-17,20,NORT02,NORTH STAR FOUNDATIONS INC,
2025-01-17,21,NORT02,NORTH STAR FOUNDATIONS INC,
2025-01-17,22,ORCH01,ORCHARD HOLLOW CONSTRUCTION,
2025-01-17,23,MORG01,MORGAN-KELLER INC,577
2025-01-17,24,FRED01,FREDERICK CONCRETE CO INC,98
2025-01-17,25,TREJ01,TREJO BROTHERS CONSTRUCTION LLP,
2025-01-17,26,C2CO01,C2 CONCRETE LLC,
2025-01-17,27,FRAN05,FRANKLIN BUILDERS INC.,54
2025-01-17,28,REGI02,"REGION CONSTRUCTION, INC.",2
2025-01-17,29,BERK01,BERKEL & CO CONTRACTORS INC,6
2025-01-17,30,MORG01,MORGAN-KELLER INC,585
2025-01-17,31,GEES01,GRC GENERAL CONTRACTOR INC,
2025-01-17,32,WEST11,WESTERN MARYLAND CONCRETE INC,
2025-01-17,33,C2H,TRIPLE B SKID-LOADER,
2025-01-17,34,HETZ01,"HETZER, C W INC",126
2025-01-17,35,MART35,"MARTIN, DONOVAN",
2025-01-17,36,DREN01,"DRENNER, D A CONCRETE",29
2025-01-17,37,LOPE01,"LOPEZ, LUKE",
2025-01-17,38,ROCK03,ROCKWELL CONSTRUCTION CO,
2025-01-17,39,SAND05,SANDBEK LLC,2
2025-01-17,40,WEST11,WESTERN MARYLAND CONCRETE INC,2
2025-01-17,41,FRAN05,FRANKLIN BUILDERS INC.,57
2025-01-17,42,FRED01,FREDERICK CONCRETE CO INC,93
2025-01-17,43,C3W,LYNCH & SON CONCRETE,
2025-01-17,44,NVRI01,NVR INC,87
2025-01-17,45,NVRI01,NVR INC,71
2025-01-17,46,NVRI01,NVR INC,71
2025-01-17,47,C3F,M & S ENERGY,
2025-01-17,48,JC2001,JC 2017,
2025-01-17,49,NVRI01,NVR INC,43
2025-01-17,50,NVRI01,NVR INC,43
2025-01-17,51,VILL01,VILLAGE CONCRETE INC,
2025-01-17,52,FOLA01,"FOLAND, H FRANK & SON INC",
2025-01-17,53,VILL01,VILLAGE CONCRETE INC,
2025-01-17,54,JSCC01,JSC CONCRETE CONSTRUCTION INC.,
2025-01-17,55,C3M,COBLE CONSTRUCTION,
2025-01-17,56,JSCC01,JSC CONCRETE CONSTRUCTION INC.,
2025-01-17,57,LAST01,LASTING IMPRESSIONS QUALITY CONCRETE INC,
2025-01-17,58,PRIO01,PRIORITY CONSTRUCTION CORP.,40
2025-01-17,59,MECI01,M E C INC,
2025-01-17,60,JUST02,"JUSTICE, JERRY EXCAVATING INC",
2025-01-17,61,AYER01,AYER CORPORATION,1
2025-01-17,62,G&SE01,G & S ELECTRIC,
2025-01-17,63,MORG01,MORGAN-KELLER INC,575
2025-01-17,64,DUNC01,"DUNCAN, SCOTT A INC",
2025-01-17,65,NORT02,NORTH STAR FOUNDATIONS INC,
2025-01-17,66,C3W,"DEEL, WILLIE",
2025-01-17,67,LAST01,LASTING IMPRESSIONS QUALITY CONCRETE INC,
2025-01-17,68,KINS01,KINSLEY CONSTRUCTION INC.,
2025-01-17,69,HUNT05,HUNTLAKE LLC,
2025-01-17,70,C1F,PRIME CONCRETE,
2025-01-17,71,PRIO01,PRIORITY CONSTRUCTION CORP.,
2025-01-17,72,C3M,COUNTRY ROADS CONTRACTING,
2025-01-17,73,KURT02,KURTZ CRETE,
2025-01-17,74,C1W,TWIN PINE EXTERIORS,
2025-01-17,75,LIME02,"LIMESTONE BUILDERS, LLC",
2025-01-17,76,GROV03,"GROVES, STANLEY D & SONS INC",
2025-01-17,77,MODE05,MODERN ENTERPRISES INC,
2025-01-17,78,C3M,COUNTRY ROADS CONTRACTING,
2025-01-17,79,FRAN05,FRANKLIN BUILDERS INC.,57
2025-01-17,80,FOLA01,"FOLAND, H FRANK & SON INC",
2025-01-17,81,ABCI01,"ASSOCIATED BRIGHAM CONTRACTORS, INC.",1
2025-01-17,82,EJCO01,E & J CONTRACTORS,
2025-01-17,83,AXIS01,AXIS CONCRETE CONSTRUCTION,
2025-01-17,84,FOUR05,FOUR POINTS CONSTRUCTION CO. [WV],
2025-01-17,85,MORG01,MORGAN-KELLER INC,580
2025-01-17,86,LONG02,LONG FENCE CO,
2025-01-17,87,DUNC01,"DUNCAN, SCOTT A INC",
2025-01-17,88,HESS04,"J. HESS GROUP, LLC",
2025-01-17,89,JSCC01,JSC CONCRETE CONSTRUCTION INC.,
2025-01-17,90,VILL01,VILLAGE CONCRETE INC,
2025-01-17,91,C1F,VALLEY VIEW HOME IMP.,
2025-01-17,92,VILL01,VILLAGE CONCRETE INC,
2025-01-17,93,C1F,CASH CUSTOMER FRM,
2025-01-17,94,ILAP01,"ILA PROPERTIES, INC.",
2025-01-17,95,ARCO02,ARCON,1
2025-01-17,96,FOLA01,"FOLAND, H FRANK & SON INC",
2025-01-17,97,NVRI01,NVR INC,84
2025-01-17,98,NORT02,NORTH STAR FOUNDATIONS INC,
2025-01-17,99,C1M,CREATIVE DESIGN LANDSCAPES,
2025-01-17,100,C1M,THROUGH THE GARDEN,
2025-01-17,101,THOM06,THOMAS BENNETT & HUNTER INC,3
2025-01-17,102,FOUN01,FOUNDATIONS FIRST INC,
2025-01-17,103,CAGG,MD HARDSCAPES,
2025-01-17,104,H2CO01,"H2 CONSTRUCTION, INC.",
2025-01-17,105,SWEE02,"SWEENEY, A E MASONRY INC",
2025-01-17,106,PETE04,PETER & JOHN RADIO FELLOWSHIP,
2025-01-17,107,PANH01,PANHANDLE BUILDERS & EXCAVATORS INC,
2025-01-17,108,FOLA01,"FOLAND, H FRANK & SON INC",
2025-01-17,109,HENT01,HENTZMAN CONTRACTING LLC,
2025-01-17,110,CAGG,CASH AGGREGATE SALES,
2025-01-17,111,JASO01,"JASON LAWN & LANDSCAPING, LLC",
2025-01-17,112,THOM06,THOMAS BENNETT & HUNTER INC,2
2025-01-20,1,EDGE01,EDGEWOOD ENTERPRISES LLC,47
2025-01-20,2,VILL01,VILLAGE CONCRETE INC,
2025-01-20,3,TREJ01,TREJO BROTHERS CONSTRUCTION LLP,
2025-01-20,4,NVRI01,NVR INC,87
2025-01-20,5,NVRI01,NVR INC,87
2025-01-20,6,ABCI01,"ASSOCIATED BRIGHAM CONTRACTORS, INC.",1
2025-01-20,7,GROV03,"GROVES, STANLEY D & SONS INC",
2025-01-20,8,EDGE01,EDGEWOOD ENTERPRISES LLC,67
2025-01-20,9,JSCC01,JSC CONCRETE CONSTRUCTION INC.,
2025-01-20,10,BERK01,BERKEL & CO CONTRACTORS INC,6
2025-01-20,11,BREC01,BRECHBILL & HELMAN CONSTR CO INC,25
2025-01-20,12,C1F,CASH CUSTOMER FRM,
2025-01-20,13,PLEA03,"PLEASANTS CONSTRUCTION, INC.",
2025-01-20,14,B&SH01,B&S HAULING,
2025-01-21,1,NVRI01,NVR INC,71
2025-01-21,2,JSCC01,JSC CONCRETE CONSTRUCTION INC.,
2025-01-21,3,VILL01,VILLAGE CONCRETE INC,
2025-01-21,4,BERK01,BERKEL & CO CONTRACTORS INC,6
2025-01-21,5,NVRI01,NVR INC,87
2025-01-21,6,NVRI01,NVR INC,87
2025-01-21,7,REGI02,"REGION CONSTRUCTION, INC.",2
2025-01-21,8,MORT01,MORTON BUILDINGS,
2025-01-21,9,C1F,CASH CUSTOMER FRM,
2025-01-21,10,BILF01,BILFINGER INDUSTRIAL SERVICES INC.,
2025-01-22,1,JSCC01,JSC CONCRETE CONSTRUCTION INC.,
2025-01-22,2,REGI02,"REGION CONSTRUCTION, INC.",2
2025-01-22,3,BERK01,BERKEL & CO CONTRACTORS INC,6
2025-01-22,4,VILL01,VILLAGE CONCRETE INC,
2025-01-22,5,BILF01,BILFINGER INDUSTRIAL SERVICES INC.,
2025-01-22,6,C1F,CASH CUSTOMER FRM,
2025-01-22,7,VILL01,VILLAGE CONCRETE INC,
2025-01-22,8,GLOB05,GLOBAL HEAVY CORP,1
2025-01-22,9,EDGE01,EDGEWOOD ENTERPRISES LLC,47
2025-01-23,1,GLBI01,GLB INC,74
2025-01-23,2,AYER01,AYER CORPORATION,1
2025-01-23,3,EDGE01,EDGEWOOD ENTERPRISES LLC,47
2025-01-23,4,MORT01,MORTON BUILDINGS,
2025-01-23,5,REGI02,"REGION CONSTRUCTION, INC.",2
2025-01-23,6,BERK01,BERKEL & CO CONTRACTORS INC,6
2025-01-23,7,WEST11,WESTERN MARYLAND CONCRETE INC,
2025-01-23,8,ROMM01,ROMMEL ENGINEERING & CONSTR INC,
2025-01-23,9,DEGR01,DEGRANGE CONCRETE,
2025-01-23,10,EDGE01,EDGEWOOD ENTERPRISES LLC,67
2025-01-23,11,DREN01,"DRENNER, D A CONCRETE",29
2025-01-23,12,MORG01,MORGAN-KELLER INC,580
2025-01-23,13,JSCC01,JSC CONCRETE CONSTRUCTION INC.,
2025-01-23,14,ABCI01,"ASSOCIATED BRIGHAM CONTRACTORS, INC.",1
2025-01-23,15,NVRI01,NVR INC,87
2025-01-23,16,NVRI01,NVR INC,84
2025-01-23,17,JSCC01,JSC CONCRETE CONSTRUCTION INC.,
2025-01-23,18,GLOB05,GLOBAL HEAVY CORP,1
2025-01-23,19,VILL01,VILLAGE CONCRETE INC,
2025-01-23,20,VILL01,VILLAGE CONCRETE INC,
2025-01-23,21,JC2001,JC 2017,
2025-01-23,22,VILL01,VILLAGE CONCRETE INC,
2025-01-23,23,GIOR01,"GIORDANO CONSTRUCTION CO., INC.",1
2025-01-23,24,MORG01,MORGAN-KELLER INC,577
2025-01-23,25,EDGE01,EDGEWOOD ENTERPRISES LLC,47
2025-01-23,26,FRED01,FREDERICK CONCRETE CO INC,84
2025-01-23,27,LONG02,LONG FENCE CO,
2025-01-23,28,PLEA03,"PLEASANTS CONSTRUCTION, INC.",
2025-01-23,29,C1F,CASH CUSTOMER FRM,
2025-01-23,30,JOUR01,"JOURNEY CONSTRUCTION, INC.",
2025-01-23,31,NVRI01,NVR INC,71
2025-01-23,32,NVRI01,NVR INC,71
2025-01-23,33,VILL01,VILLAGE CONCRETE INC,
2025-01-23,34,THOM06,THOMAS BENNETT & HUNTER INC,
2025-01-24,1,KINS01,KINSLEY CONSTRUCTION INC.,88
2025-01-24,2,GLBI01,GLB INC,74
2025-01-24,3,C3W,LYNCH & SON CONCRETE,
2025-01-24,4,DREN01,"DRENNER, D A CONCRETE",29
2025-01-24,5,SWEE02,"SWEENEY, A E MASONRY INC",
2025-01-24,6,BERK01,BERKEL & CO CONTRACTORS INC,6
2025-01-24,7,REGI02,"REGION CONSTRUCTION, INC.",2
2025-01-24,8,ROMM01,ROMMEL ENGINEERING & CONSTR INC,
2025-01-24,9,NVRI01,NVR INC,87
2025-01-24,10,NVRI01,NVR INC,87
2025-01-24,11,NVRI01,NVR INC,84
2025-01-24,12,EDGE01,EDGEWOOD ENTERPRISES LLC,67
2025-01-24,13,NVRI01,NVR INC,71
2025-01-24,14,WEST11,WESTERN MARYLAND CONCRETE INC,2
2025-01-24,15,MORG01,MORGAN-KELLER INC,580
2025-01-24,16,C1W,PEQUEA MOBILE HOME SERVICES,
2025-01-24,17,STON09,STONEY RIDGE MASONRY,2
2025-01-24,18,WEST11,WESTERN MARYLAND CONCRETE INC,
2025-01-24,19,AYER01,AYER CORPORATION,1
2025-01-24,20,C3W,"DEEL, WILLIE",
2025-01-24,21,EDGE01,EDGEWOOD ENTERPRISES LLC,61
2025-01-24,22,FRED01,FREDERICK CONCRETE CO INC,84
2025-01-24,23,C1W,STRATEGIC FACTO,
2025-01-24,24,WAYN02,WAYNESBORO CONSTRUCTION CO,98
2025-01-24,25,C2F,ALWAYS WATERPROOFING,
2025-01-24,26,MORG01,MORGAN-KELLER INC,577
2025-01-24,27,LONG02,LONG FENCE CO,
2025-01-24,28,NVRI01,NVR INC,71
2025-01-24,29,NVRI01,NVR INC,71
2025-01-24,30,WEST11,WESTERN MARYLAND CONCRETE INC,
2025-01-24,31,NVRI01,NVR INC,71
2025-01-24,32,AVID01,"AVID SERVICES, LLC",18
2025-01-24,33,GIOR01,"GIORDANO CONSTRUCTION CO., INC.",1
2025-01-24,34,PLEA03,"PLEASANTS CONSTRUCTION, INC.",
2025-01-24,35,HESS04,"J. HESS GROUP, LLC",
2025-01-24,36,C1M,AQUATIC SOLUTIONS,
2025-01-24,37,C1F,CASH CUSTOMER FRM,
2025-01-24,38,JOUR01,"JOURNEY CONSTRUCTION, INC.",
2025-01-24,39,NVRI01,NVR INC,84
2025-01-24,40,VILL01,VILLAGE CONCRETE INC,
2025-01-24,41,EDGE01,EDGEWOOD ENTERPRISES LLC,47
2025-01-24,42,NVRI01,NVR INC,84
2025-01-24,43,EDGE01,EDGEWOOD ENTERPRISES LLC,47
2025-01-24,44,MULL05,"MULLER, SAMUEL B.",
2025-01-24,45,JSCC01,JSC CONCRETE CONSTRUCTION INC.,
2025-01-24,46,HUNT02,"HUNTZBERRY BROTHERS, INC",
2025-01-24,47,NVRI01,NVR INC,24
2025-01-24,48,NVRI01,NVR INC,24
2025-01-24,49,THOM06,THOMAS BENNETT & HUNTER INC,1
2025-01-27,1,SMIT01,"SMITH, KEITH D CONCRETE CONSTR",35
2025-01-27,2,C1W,PEQUEA MOBILE HOME SERVICES,
2025-01-27,3,DREN01,"DRENNER, D A CONCRETE",29
2025-01-27,4,KINS01,KINSLEY CONSTRUCTION INC.,88
2025-01-27,5,GLBI01,GLB INC,74
2025-01-27,6,AYER01,AYER CORPORATION,1
2025-01-27,7,VILL01,VILLAGE CONCRETE INC,
2025-01-27,8,DEGR01,DEGRANGE CONCRETE,
2025-01-27,9,NVRI01,NVR INC,87
2025-01-27,10,NVRI01,NVR INC,84
2025-01-27,11,NVRI01,NVR INC,87
2025-01-27,12,NVRI01,NVR INC,84
2025-01-27,13,ROMM01,ROMMEL ENGINEERING & CONSTR INC,55
2025-01-27,14,ABCI01,"ASSOCIATED BRIGHAM CONTRACTORS, INC.",1
2025-01-27,15,WEST11,WESTERN MARYLAND CONCRETE INC,
2025-01-27,16,FRED01,FREDERICK CONCRETE CO INC,84
2025-01-27,17,AVID01,"AVID SERVICES, LLC",18
2025-01-27,18,SWEE02,"SWEENEY, A E MASONRY INC",
2025-01-27,19,JOUR01,"JOURNEY CONSTRUCTION, INC.",
2025-01-27,20,REYE03,"REYES, ONEY",
2025-01-27,21,JSCC01,JSC CONCRETE CONSTRUCTION INC.,
2025-01-27,22,HENR05,"HENRY, JAMES",
2025-01-27,23,JSCC01,JSC CONCRETE CONSTRUCTION INC.,
2025-01-27,24,GIOR01,"GIORDANO CONSTRUCTION CO., INC.",1
2025-01-27,25,EDGE01,EDGEWOOD ENTERPRISES LLC,47
2025-01-27,26,VILL01,VILLAGE CONCRETE INC,
2025-01-27,27,JSCC01,JSC CONCRETE CONSTRUCTION INC.,
2025-01-27,28,JSCC01,JSC CONCRETE CONSTRUCTION INC.,
2025-01-27,29,JSCC01,JSC CONCRETE CONSTRUCTION INC.,
2025-01-27,30,MARK02,MARKSMEN CO INC,8
2025-01-27,31,C3M,E.A.C. CONSTRUCTION,
2025-01-27,32,WEST11,WESTERN MARYLAND CONCRETE INC,
2025-01-27,33,LANC05,"LANCASTER POLE BUILDINGS, INC.",
2025-01-27,34,H2CO01,"H2 CONSTRUCTION, INC.",
2025-01-27,35,BREC01,BRECHBILL & HELMAN CONSTR CO INC,25
2025-01-27,36,LONG02,LONG FENCE CO,
2025-01-27,37,VILL01,VILLAGE CONCRETE INC,
2025-01-27,38,LONG02,LONG FENCE CO,
2025-01-27,39,PRIO01,PRIORITY CONSTRUCTION CORP.,40
2025-01-27,40,C1H,"LOPEZ, JOSE",
2025-01-27,41,C1W,PEQUEA MOBILE HOME SERVICES,
2025-01-27,42,NVRI01,NVR INC,87
2025-01-27,43,ILAP01,"ILA PROPERTIES, INC.",
2025-01-27,44,C1F,CASH CUSTOMER FRM,
2025-01-27,45,REGI02,"REGION CONSTRUCTION, INC.",2
2025-01-27,46,STAR02,"STAR CONCRETE FOUNDATIONS, INC",
2025-01-27,47,BRAN01,BRANDENBURG ELECTRIC INC,
2025-01-27,48,C3W,CHAPMAN SERVICES,
2025-01-27,49,CAGG,CASH AGGREGATE SALES,
2025-01-27,50,RFTS01,"R.F.T. SERVICES, LLC",
2025-01-27,51,MILL19,"MILLER, DWIGHT",6
2025-01-27,52,C2CO01,C2 CONCRETE LLC,
2025-01-27,53,CAGG,MOAT,
2025-01-27,54,EDGE01,EDGEWOOD ENTERPRISES LLC,
2025-01-27,55,DOUB03,DOUBLE D ENTERPRISES,
2025-01-27,56,DORS06,DORSEY CONSTRUCTION SERVICES,
2025-01-28,1,DREN01,"DRENNER, D A CONCRETE",29
2025-01-28,2,GLBI01,GLB INC,74
2025-01-28,3,GLOB05,GLOBAL HEAVY CORP,1
2025-01-28,4,C3W,LYNCH & SON CONCRETE,
2025-01-28,5,AVID01,"AVID SERVICES, LLC",18
2025-01-28,6,WAYN02,WAYNESBORO CONSTRUCTION CO,98
2025-01-28,7,AXIS01,AXIS CONCRETE CONSTRUCTION,
2025-01-28,8,C3W,MOAT,
2025-01-28,9,EDGE01,EDGEWOOD ENTERPRISES LLC,47
2025-01-28,10,COGA01,PHIL COGAR EXCAVATING LLC,
2025-01-28,11,KIRB02,KIRBY'S CUSTOM CONCRETE LLC,
2025-01-28,12,GIOR01,"GIORDANO CONSTRUCTION CO., INC.",1
2025-01-28,13,HESS04,"J. HESS GROUP, LLC",
2025-01-28,14,BRAG01,BRAGUNIER MASONRY CONTRACTORS INC,66
2025-01-28,15,EDGE01,EDGEWOOD ENTERPRISES LLC,67
2025-01-28,16,JSCC01,JSC CONCRETE CONSTRUCTION INC.,
2025-01-28,17,JSCC01,JSC CONCRETE CONSTRUCTION INC.,
2025-01-28,18,STAR02,"STAR CONCRETE FOUNDATIONS, INC",
2025-01-28,19,NVRI01,NVR INC,87
2025-01-28,20,NVRI01,NVR INC,84
2025-01-28,21,MILL19,"MILLER, DWIGHT",6
2025-01-28,22,NVRI01,NVR INC,87
2025-01-28,23,NVRI01,NVR INC,87
2025-01-28,24,ORCH01,ORCHARD HOLLOW CONSTRUCTION,
2025-01-28,25,JOUR01,"JOURNEY CONSTRUCTION, INC.",
2025-01-28,26,HENS01,HENSON & SON INC,
2025-01-28,27,HENS01,HENSON & SON INC,
2025-01-28,28,MIMC01,MIM CONSTRUCTION INC.,24
2025-01-28,29,REGI02,"REGION CONSTRUCTION, INC.",2
2025-01-28,30,VILL01,VILLAGE CONCRETE INC,
2025-01-28,31,EDGE01,EDGEWOOD ENTERPRISES LLC,45
2025-01-28,32,MTCI01,"MARK'S TANK CLEANING, INC.",
2025-01-28,33,C2F,J & W CONSTRUCTION,
2025-01-28,34,SODY01,"SODY CONCRETE CONSTRUCTION, INC.",14
2025-01-28,35,STAM09,STAMPED CONCRETE WORKS LLC,
2025-01-28,36,NVRI01,NVR INC,71
2025-01-28,37,JSCC01,JSC CONCRETE CONSTRUCTION INC.,
2025-01-28,38,JSCC01,JSC CONCRETE CONSTRUCTION INC.,
2025-01-28,39,FRED01,FREDERICK CONCRETE CO INC,84
2025-01-28,40,ILAP01,"ILA PROPERTIES, INC.",
2025-01-28,41,MART35,"MARTIN, DONOVAN",
2025-01-28,42,FOUR05,FOUR POINTS CONSTRUCTION CO. [WV],
2025-01-28,43,C3W,CHAPMAN SERVICES,
2025-01-28,44,VILL01,VILLAGE CONCRETE INC,
2025-01-28,45,VILL01,VILLAGE CONCRETE INC,
2025-01-28,46,C3W,MOAT,
2025-01-28,47,C2H,CASCADE PROPERTIES,
2025-01-28,48,TRIP02,TRIPLE B CONSTRUCTION,
2025-01-28,49,JSCC01,JSC CONCRETE CONSTRUCTION INC.,
2025-01-28,50,JSCC01,JSC CONCRETE CONSTRUCTION INC.,
2025-01-28,51,LONG02,LONG FENCE CO,
2025-01-28,52,H2CO01,"H2 CONSTRUCTION, INC.",
2025-01-28,53,PANH01,PANHANDLE BUILDERS & EXCAVATORS INC,
2025-01-28,54,LANC05,"LANCASTER POLE BUILDINGS, INC.",
2025-01-28,55,VILL01,VILLAGE CONCRETE INC,
2025-01-28,56,VILL01,VILLAGE CONCRETE INC,
2025-01-28,57,FOLA01,"FOLAND, H FRANK & SON INC",
2025-01-28,58,STAR02,"STAR CONCRETE FOUNDATIONS, INC",
2025-01-28,59,C1W,MARTINEZ CONCRETE,
2025-01-28,60,FOLA01,"FOLAND, H FRANK & SON INC",
2025-01-28,61,FOLA01,"FOLAND, H FRANK & SON INC",
2025-01-28,62,BRAN01,BRANDENBURG ELECTRIC INC,
2025-01-28,63,C1F,CASH CUSTOMER FRM,
2025-01-28,64,COST03,"L. R. COSTANZO COMPANY, INC.",25
2025-01-28,65,DIVE01,DIVERSIFIED APPLICATIONS,
2025-01-28,66,PANH01,PANHANDLE BUILDERS & EXCAVATORS INC,
2025-01-28,67,NVRI01,NVR INC,87
2025-01-28,68,CAGG,MD HARDSCAPE,
2025-01-28,69,MORG01,MORGAN-KELLER INC,580
2025-01-28,70,COBL02,COBLENTZ TRUCKING,
2025-01-28,71,TRIP02,TRIPLE B CONSTRUCTION,
2025-01-28,72,REGI02,"REGION CONSTRUCTION, INC.",2
2025-01-28,73,JSCC01,JSC CONCRETE CONSTRUCTION INC.,
2025-01-28,74,C1H,"NAYLOR, TIM",
2025-01-28,75,PATT02,PATTON HOMES,
2025-01-28,76,STON10,STONE CONCRETE,
2025-01-28,77,CAGG,MOAT,
2025-01-29,1,JC2001,JC 2017,
2025-01-29,2,GULL01,GULL CORPORATION,
2025-01-29,3,AXIS01,AXIS CONCRETE CONSTRUCTION,
2025-01-29,4,SUPE02,SUPERIOR SHOTCRETE INC,
2025-01-29,5,ARCO02,ARCON,1
2025-01-29,6,GLOB05,GLOBAL HEAVY CORP,1
2025-01-29,7,JC2001,JC 2017,
2025-01-29,8,PLOT01,"PLOTNER, ALLEN W",
2025-01-29,9,BRAG01,BRAGUNIER MASONRY CONTRACTORS INC,66
2025-01-29,10,EDGE01,EDGEWOOD ENTERPRISES LLC,67
2025-01-29,11,JSCC01,JSC CONCRETE CONSTRUCTION INC.,
2025-01-29,12,JSCC01,JSC CONCRETE CONSTRUCTION INC.,
2025-01-29,13,JSCC01,JSC CONCRETE CONSTRUCTION INC.,
2025-01-29,14,JSCC01,JSC CONCRETE CONSTRUCTION INC.,
2025-01-29,15,AYER01,AYER CORPORATION,1
2025-01-29,16,C1H,"LOPEZ, JOSE",
2025-01-29,17,ORCH01,ORCHARD HOLLOW CONSTRUCTION,
2025-01-29,18,HENS01,HENSON & SON INC,
2025-01-29,19,HENS01,HENSON & SON INC,
2025-01-29,20,MIMC01,MIM CONSTRUCTION INC.,24
2025-01-29,21,REGI02,"REGION CONSTRUCTION, INC.",2
2025-01-29,22,KINS01,KINSLEY CONSTRUCTION INC.,92
2025-01-29,23,SWEE02,"SWEENEY, A E MASONRY INC",
2025-01-29,24,ULTI03,ULTIMATE SHOTCRETE & STEEL LLC,
2025-01-29,25,GIOR01,"GIORDANO CONSTRUCTION CO., INC.",1
2025-01-29,26,C1W,KME CONSTRUCTION,
2025-01-29,27,PSVC01,PSV CONSTRUCTION LLC,
2025-01-29,28,AYER01,AYER CORPORATION,1
2025-01-29,29,HETZ01,"HETZER, C W INC",126
2025-01-29,30,CROU02,"CROUSE CONCRETE, LLC",2
2025-01-29,31,PANH01,PANHANDLE BUILDERS & EXCAVATORS INC,
2025-01-29,32,ILAP01,"ILA PROPERTIES, INC.",
2025-01-29,33,ILAP01,"ILA PROPERTIES, INC.",
2025-01-29,34,SODY01,"SODY CONCRETE CONSTRUCTION, INC.",13
2025-01-29,35,KIRB02,KIRBY'S CUSTOM CONCRETE LLC,
2025-01-29,36,LONG02,LONG FENCE CO,
2025-01-29,37,EDGE01,EDGEWOOD ENTERPRISES LLC,45
2025-01-29,38,MORG01,MORGAN-KELLER INC,583
2025-01-29,39,PRIO01,PRIORITY CONSTRUCTION CORP.,
2025-01-29,40,WEST11,WESTERN MARYLAND CONCRETE INC,
2025-01-29,41,SMIT01,"SMITH, KEITH D CONCRETE CONSTR",35
2025-01-29,42,LILL01,"LILLER, BRIAN (DETOUR)",
2025-01-29,43,JCSI01,JCS COMMUNICATIONS INC,
2025-01-29,44,C1F,"BLANK, TIM",
2025-01-29,45,AVID01,"AVID SERVICES, LLC",18
2025-01-29,46,MERL01,"MERLO, INC",3
2025-01-29,47,FOLA01,"FOLAND, H FRANK & SON INC",
2025-01-29,48,FOLA01,"FOLAND, H FRANK & SON INC",
2025-01-29,49,LONG02,LONG FENCE CO,
2025-01-29,50,C3M,"PETRY, STEVE",
2025-01-29,51,NVRI01,NVR INC,43
2025-01-29,52,NVRI01,NVR INC,43
2025-01-29,53,FRED01,FREDERICK CONCRETE CO INC,95
2025-01-29,54,MORG01,MORGAN-KELLER INC,577
2025-01-29,55,HESS04,"J. HESS GROUP, LLC",
2025-01-29,56,GREY03,GREYSTAR CONSTRUCTION GROUP,1
2025-01-29,57,FRED01,FREDERICK CONCRETE CO INC,98
2025-01-29,58,NVRI01,NVR INC,87
2025-01-29,59,NVRI01,NVR INC,87
2025-01-29,60,NVRI01,NVR INC,87
2025-01-29,61,NVRI01,NVR INC,84
2025-01-29,62,RNGC01,RNG CONSTRUCTION INC,9
2025-01-29,63,VILL01,VILLAGE CONCRETE INC,
2025-01-29,64,GREE21,"GREEN VILLAGE CONCRETE, INC.",4
2025-01-29,65,MIDA04,MID-ATLANTIC UTILITIES INC,
2025-01-29,66,JSCC01,JSC CONCRETE CONSTRUCTION INC.,
2025-01-29,67,JSCC01,JSC CONCRETE CONSTRUCTION INC.,
2025-01-29,68,LEEM01,"LEE MECHANICAL CONTRACTORS, INC.",2
2025-01-29,69,JSCC01,JSC CONCRETE CONSTRUCTION INC.,
2025-01-29,70,FOLA01,"FOLAND, H FRANK & SON INC",
2025-01-29,71,PATT02,PATTON HOMES,
2025-01-29,72,GROV03,"GROVES, STANLEY D & SONS INC",
2025-01-29,73,POOL09,POOLE'S STONE & GARDEN INC,
2025-01-29,74,VILL01,VILLAGE CONCRETE INC,
2025-01-29,75,CONC01,CONCRETE GENERAL INC,
2025-01-29,76,FRED01,FREDERICK CONCRETE CO INC,93
2025-01-29,77,C1M,NITRO CONSTRUCTION,
2025-01-29,78,FRAN05,FRANKLIN BUILDERS INC.,57
2025-01-29,79,NVRI01,NVR INC,25
2025-01-29,80,AC&T01,"AC&T CO., INC.",
2025-01-29,81,NORT02,NORTH STAR FOUNDATIONS INC,
2025-01-29,82,C1F,CASH CUSTOMER FRM,
2025-01-29,83,VILL01,VILLAGE CONCRETE INC,
2025-01-29,84,FOLA01,"FOLAND, H FRANK & SON INC",
2025-01-29,85,C3M,"PETRY,STEVE",
2025-01-29,86,C1W,TWIN PINE EXTERIORS,
2025-01-29,87,JWBC01,JWB CONTRACTING,
2025-01-29,88,HORS01,HORST FENCING SRVC INC,
2025-01-29,89,C3M,"SHIREY, JIMMY",
2025-01-29,90,PANH01,PANHANDLE BUILDERS & EXCAVATORS INC,
2025-01-29,91,C3W,MOAT,
2025-01-29,92,LEDF01,"LEDFORD, J. E. & SONS, INC.",
2025-01-29,93,HENT01,HENTZMAN CONTRACTING LLC,
2025-01-29,94,FRED01,FREDERICK CONCRETE CO INC,100
2025-01-29,95,JENN02,"CS JENNINGS CONSTRUCTION, INC.",
2025-01-30,1,AXIS01,AXIS CONCRETE CONSTRUCTION,
2025-01-30,2,JC2001,JC 2017,
2025-01-30,3,MIMC01,MIM CONSTRUCTION INC.,24
2025-01-30,4,REGI02,"REGION CONSTRUCTION, INC.",2
2025-01-30,5,KINS01,KINSLEY CONSTRUCTION INC.,92
2025-01-30,6,GIOR01,"GIORDANO CONSTRUCTION CO., INC.",1
2025-01-30,7,C1W,PEQUEA MOBILE HOME SERVICES,
2025-01-30,8,C1W,PEQUEA MOBILE HOME SERVICES,
2025-01-30,9,ARCO02,ARCON,1
2025-01-30,10,GLOB05,GLOBAL HEAVY CORP,1
2025-01-30,11,C3M,HAYSLETTE CONSTRUCTION,
2025-01-30,12,EDGE01,EDGEWOOD ENTERPRISES LLC,67
2025-01-30,13,JSCC01,JSC CONCRETE CONSTRUCTION INC.,
2025-01-30,14,JSCC01,JSC CONCRETE CONSTRUCTION INC.,
2025-01-30,15,JSCC01,JSC CONCRETE CONSTRUCTION INC.,
2025-01-30,16,EDGE01,EDGEWOOD ENTERPRISES LLC,47
2025-01-30,17,ILAP01,"ILA PROPERTIES, INC.",
2025-01-30,18,AYER01,AYER CORPORATION,1
2025-01-30,19,GULL01,GULL CORPORATION,
2025-01-30,20,SMIT01,"SMITH, KEITH D CONCRETE CONSTR",35
2025-01-30,21,MORG01,MORGAN-KELLER INC,583
2025-01-30,22,POLE01,POLE BUILDINGS PLUS INC,
2025-01-30,23,FOLA01,"FOLAND, H FRANK & SON INC",
2025-01-30,24,PRIO01,PRIORITY CONSTRUCTION CORP.,
2025-01-30,25,MORG01,MORGAN-KELLER INC,580
2025-01-30,26,FOLA01,"FOLAND, H FRANK & SON INC",
2025-01-30,27,LILL01,"LILLER, BRIAN (DETOUR)",
2025-01-30,28,AVID01,"AVID SERVICES, LLC",18
2025-01-30,29,GLBI01,GLB INC,74
2025-01-30,30,PATT02,PATTON HOMES,
2025-01-30,31,JSCC01,JSC CONCRETE CONSTRUCTION INC.,
2025-01-30,32,JSCC01,JSC CONCRETE CONSTRUCTION INC.,
2025-01-30,33,ORCH01,ORCHARD HOLLOW CONSTRUCTION,
2025-01-30,34,FRED01,FREDERICK CONCRETE CO INC,93
2025-01-30,35,PRIO01,PRIORITY CONSTRUCTION CORP.,
2025-01-30,36,H2CO01,"H2 CONSTRUCTION, INC.",
2025-01-30,37,WEST11,WESTERN MARYLAND CONCRETE INC,2
2025-01-30,38,CONE01,CONEWAGO ENTERPRISES INC,52
2025-01-30,39,FRAN05,FRANKLIN BUILDERS INC.,57
2025-01-30,40,C1W,MARYLAND STONE CONSTRUCTION,
2025-01-30,41,VILL01,VILLAGE CONCRETE INC,
2025-01-30,42,YOUN05,YOUNG'S LAWNS AND LANDSCAPES,
2025-01-30,43,WEST11,WESTERN MARYLAND CONCRETE INC,2
2025-01-30,44,NATU01,"NATURE BOYS LANDSCAPE CONSTR., INC.",
2025-01-30,45,GEES01,GRC GENERAL CONTRACTOR INC,
2025-01-30,46,CITY05,CITY OF HAGERSTOWN/SEWER DEPT.,23
2025-01-30,47,MORG01,MORGAN-KELLER INC,577
2025-01-30,48,ABCI01,"ASSOCIATED BRIGHAM CONTRACTORS, INC.",1
2025-01-30,49,ROCK03,ROCKWELL CONSTRUCTION CO,
2025-01-30,50,NVRI01,NVR INC,87
2025-01-30,51,TRIT01,"TRITON CONSTRUCTION, INC.",19
2025-01-30,52,NVRI01,NVR INC,87
2025-01-30,53,NVRI01,NVR INC,84
2025-01-30,54,NORT02,NORTH STAR FOUNDATIONS INC,
2025-01-30,55,SIPP01,"SIPPEL DEVELOPMENT CO., INC.",
2025-01-30,56,CITY02,CITY OF HAGERSTOWN PUBLIC WORKS,23
2025-01-30,57,NVRI01,NVR INC,25
2025-01-30,58,FOLA01,"FOLAND, H FRANK & SON INC",
2025-01-30,59,C3H,"MARTIN,RAYMOND",
2025-01-30,60,BARR05,"BARRICK, S.W. AND SONS",3
2025-01-30,61,VILL01,VILLAGE CONCRETE INC,
2025-01-30,62,JSCC01,JSC CONCRETE CONSTRUCTION INC.,
2025-01-30,63,JSCC01,JSC CONCRETE CONSTRUCTION INC.,
2025-01-30,64,JSCC01,JSC CONCRETE CONSTRUCTION INC.,
2025-01-30,65,JSCC01,JSC CONCRETE CONSTRUCTION INC.,
2025-01-30,66,FOUR05,FOUR POINTS CONSTRUCTION CO. [WV],
2025-01-30,67,JSCC01,JSC CONCRETE CONSTRUCTION INC.,
2025-01-30,68,MERL01,"MERLO, INC",3
2025-01-30,69,LONG02,LONG FENCE CO,
2025-01-30,70,HENS01,HENSON & SON INC,
2025-01-30,71,C1F,WRENN CONSTRUCTION,
